[0.000000] (-) TimerEvent: {}
[0.000498] (41068_ignition_bringup) JobQueued: {'identifier': '41068_ignition_bringup', 'dependencies': OrderedDict()}
[0.000551] (41068_ignition_bringup) JobStarted: {'identifier': '41068_ignition_bringup'}
[0.051908] (41068_ignition_bringup) JobProgress: {'identifier': '41068_ignition_bringup', 'progress': 'cmake'}
[0.052399] (41068_ignition_bringup) Command: {'cmd': ['/usr/bin/cmake', '/home/student/RoboticsStudio1/src/41068_ignition_bringup', '-DCMAKE_INSTALL_PREFIX=/home/student/RoboticsStudio1/install/41068_ignition_bringup'], 'cwd': '/home/student/RoboticsStudio1/build/41068_ignition_bringup', 'env': OrderedDict([('LESSOPEN', '| /usr/bin/lesspipe %s'), ('USER', 'student'), ('SSH_AGENT_PID', '2039'), ('XDG_SESSION_TYPE', 'x11'), ('SHLVL', '1'), ('LD_LIBRARY_PATH', '/usr/lib/x86_64-linux-gnu/gazebo-11/plugins:/opt/ros/humble/opt/rviz_ogre_vendor/lib:/opt/ros/humble/lib/x86_64-linux-gnu:/opt/ros/humble/lib'), ('HOME', '/home/student'), ('OLDPWD', '/home/student'), ('ROS_PYTHON_VERSION', '3'), ('GNOME_SHELL_SESSION_MODE', 'ubuntu'), ('GTK_MODULES', 'gail:atk-bridge'), ('SYSTEMD_EXEC_PID', '2151'), ('XRDP_PULSE_SOURCE_SOCKET', 'xrdp_chansrv_audio_in_socket_10'), ('XRDP_PULSE_SINK_SOCKET', 'xrdp_chansrv_audio_out_socket_10'), ('DBUS_SESSION_BUS_ADDRESS', 'unix:path=/run/user/1002/bus'), ('COLORTERM', 'truecolor'), ('PULSE_SCRIPT', '/etc/xrdp/pulse/default.pa'), ('IM_CONFIG_PHASE', '1'), ('COLCON_PREFIX_PATH', '/home/student/ros2_ws/install'), ('ROS_DISTRO', 'humble'), ('GTK_IM_MODULE', 'ibus'), ('LOGNAME', 'student'), ('_', '/usr/bin/colcon'), ('ROS_VERSION', '2'), ('XDG_SESSION_CLASS', 'user'), ('TERM', 'xterm-256color'), ('GNOME_DESKTOP_SESSION_ID', 'this-is-deprecated'), ('ROS_LOCALHOST_ONLY', '0'), ('PATH', '/opt/ros/humble/bin:/usr/local/sbin:/usr/local/bin:/usr/sbin:/usr/bin:/sbin:/bin:/usr/games:/usr/local/games:/snap/bin'), ('SESSION_MANAGER', 'local/labNVXMF8:@/tmp/.ICE-unix/2128,unix/labNVXMF8:/tmp/.ICE-unix/2128'), ('XDG_MENU_PREFIX', 'gnome-'), ('XRDP_SOCKET_PATH', '/run/xrdp/sockdir'), ('GNOME_TERMINAL_SCREEN', '/org/gnome/Terminal/screen/f6549183_d453_4d33_ba61_99abab15fc40'), ('XDG_RUNTIME_DIR', '/run/user/1002'), ('DISPLAY', ':10.0'), ('LANG', 'en_US.UTF-8'), ('XDG_CURRENT_DESKTOP', 'ubuntu:GNOME'), ('XMODIFIERS', '@im=ibus'), ('LS_COLORS', 'rs=0:di=01;34:ln=01;36:mh=00:pi=40;33:so=01;35:do=01;35:bd=40;33;01:cd=40;33;01:or=40;31;01:mi=00:su=37;41:sg=30;43:ca=30;41:tw=30;42:ow=34;42:st=37;44:ex=01;32:*.tar=01;31:*.tgz=01;31:*.arc=01;31:*.arj=01;31:*.taz=01;31:*.lha=01;31:*.lz4=01;31:*.lzh=01;31:*.lzma=01;31:*.tlz=01;31:*.txz=01;31:*.tzo=01;31:*.t7z=01;31:*.zip=01;31:*.z=01;31:*.dz=01;31:*.gz=01;31:*.lrz=01;31:*.lz=01;31:*.lzo=01;31:*.xz=01;31:*.zst=01;31:*.tzst=01;31:*.bz2=01;31:*.bz=01;31:*.tbz=01;31:*.tbz2=01;31:*.tz=01;31:*.deb=01;31:*.rpm=01;31:*.jar=01;31:*.war=01;31:*.ear=01;31:*.sar=01;31:*.rar=01;31:*.alz=01;31:*.ace=01;31:*.zoo=01;31:*.cpio=01;31:*.7z=01;31:*.rz=01;31:*.cab=01;31:*.wim=01;31:*.swm=01;31:*.dwm=01;31:*.esd=01;31:*.jpg=01;35:*.jpeg=01;35:*.mjpg=01;35:*.mjpeg=01;35:*.gif=01;35:*.bmp=01;35:*.pbm=01;35:*.pgm=01;35:*.ppm=01;35:*.tga=01;35:*.xbm=01;35:*.xpm=01;35:*.tif=01;35:*.tiff=01;35:*.png=01;35:*.svg=01;35:*.svgz=01;35:*.mng=01;35:*.pcx=01;35:*.mov=01;35:*.mpg=01;35:*.mpeg=01;35:*.m2v=01;35:*.mkv=01;35:*.webm=01;35:*.webp=01;35:*.ogm=01;35:*.mp4=01;35:*.m4v=01;35:*.mp4v=01;35:*.vob=01;35:*.qt=01;35:*.nuv=01;35:*.wmv=01;35:*.asf=01;35:*.rm=01;35:*.rmvb=01;35:*.flc=01;35:*.avi=01;35:*.fli=01;35:*.flv=01;35:*.gl=01;35:*.dl=01;35:*.xcf=01;35:*.xwd=01;35:*.yuv=01;35:*.cgm=01;35:*.emf=01;35:*.ogv=01;35:*.ogx=01;35:*.aac=00;36:*.au=00;36:*.flac=00;36:*.m4a=00;36:*.mid=00;36:*.midi=00;36:*.mka=00;36:*.mp3=00;36:*.mpc=00;36:*.ogg=00;36:*.ra=00;36:*.wav=00;36:*.oga=00;36:*.opus=00;36:*.spx=00;36:*.xspf=00;36:'), ('GNOME_TERMINAL_SERVICE', ':1.95'), ('SSH_AUTH_SOCK', '/run/user/1002/keyring/ssh'), ('AMENT_PREFIX_PATH', '/opt/ros/humble'), ('UID', '1002'), ('SHELL', '/bin/bash'), ('QT_ACCESSIBILITY', '1'), ('LESSCLOSE', '/usr/bin/lesspipe %s %s'), ('XRDP_SESSION', '1'), ('GPG_AGENT_INFO', '/run/user/1002/gnupg/S.gpg-agent:0:1'), ('GAZEBO_RESOURCE_PATH', '/usr/share/gazebo-11/'), ('QT_IM_MODULE', 'ibus'), ('PWD', '/home/student/RoboticsStudio1/build/41068_ignition_bringup'), ('LC_ALL', 'en_US.UTF-8'), ('XDG_DATA_DIRS', '/usr/share/gnome:/usr/share/ubuntu:/usr/local/share/:/usr/share/:/var/lib/snapd/desktop'), ('PYTHONPATH', '/opt/ros/humble/lib/python3.10/site-packages:/opt/ros/humble/local/lib/python3.10/dist-packages'), ('SGX_AESM_ADDR', '1'), ('COLCON', '1'), ('VTE_VERSION', '6800'), ('CMAKE_PREFIX_PATH', '/opt/ros/humble')]), 'shell': False}
[0.099349] (-) TimerEvent: {}
[0.199668] (-) TimerEvent: {}
[0.300005] (-) TimerEvent: {}
[0.400339] (-) TimerEvent: {}
[0.500780] (-) TimerEvent: {}
[0.601251] (-) TimerEvent: {}
[0.701608] (-) TimerEvent: {}
[0.801991] (-) TimerEvent: {}
[0.902395] (-) TimerEvent: {}
[1.002824] (-) TimerEvent: {}
[1.087866] (41068_ignition_bringup) StdoutLine: {'line': b'-- The C compiler identification is GNU 11.4.0\n'}
[1.102930] (-) TimerEvent: {}
[1.203281] (-) TimerEvent: {}
[1.303638] (-) TimerEvent: {}
[1.404043] (-) TimerEvent: {}
[1.504402] (-) TimerEvent: {}
[1.604750] (-) TimerEvent: {}
[1.672503] (41068_ignition_bringup) StdoutLine: {'line': b'-- The CXX compiler identification is GNU 11.4.0\n'}
[1.705008] (-) TimerEvent: {}
[1.805456] (-) TimerEvent: {}
[1.824924] (41068_ignition_bringup) StdoutLine: {'line': b'-- Detecting C compiler ABI info\n'}
[1.905649] (-) TimerEvent: {}
[2.006035] (-) TimerEvent: {}
[2.023395] (41068_ignition_bringup) StdoutLine: {'line': b'-- Detecting C compiler ABI info - done\n'}
[2.031210] (41068_ignition_bringup) StdoutLine: {'line': b'-- Check for working C compiler: /usr/bin/cc - skipped\n'}
[2.035865] (41068_ignition_bringup) StdoutLine: {'line': b'-- Detecting C compile features\n'}
[2.045117] (41068_ignition_bringup) StdoutLine: {'line': b'-- Detecting C compile features - done\n'}
[2.065385] (41068_ignition_bringup) StdoutLine: {'line': b'-- Detecting CXX compiler ABI info\n'}
[2.106154] (-) TimerEvent: {}
[2.188974] (41068_ignition_bringup) StdoutLine: {'line': b'-- Detecting CXX compiler ABI info - done\n'}
[2.196889] (41068_ignition_bringup) StdoutLine: {'line': b'-- Check for working CXX compiler: /usr/bin/c++ - skipped\n'}
[2.197227] (41068_ignition_bringup) StdoutLine: {'line': b'-- Detecting CXX compile features\n'}
[2.197665] (41068_ignition_bringup) StdoutLine: {'line': b'-- Detecting CXX compile features - done\n'}
[2.206238] (-) TimerEvent: {}
[2.297406] (41068_ignition_bringup) StdoutLine: {'line': b'-- Found ament_cmake: 1.3.12 (/opt/ros/humble/share/ament_cmake/cmake)\n'}
[2.306369] (-) TimerEvent: {}
[2.406697] (-) TimerEvent: {}
[2.507040] (-) TimerEvent: {}
[2.546073] (41068_ignition_bringup) StdoutLine: {'line': b'-- Found Python3: /usr/bin/python3 (found version "3.10.12") found components: Interpreter \n'}
[2.607153] (-) TimerEvent: {}
[2.707604] (-) TimerEvent: {}
[2.807990] (-) TimerEvent: {}
[2.903441] (41068_ignition_bringup) StdoutLine: {'line': b'-- Found ros_ign_interfaces: 0.244.20 (/opt/ros/humble/share/ros_ign_interfaces/cmake)\n'}
[2.908096] (-) TimerEvent: {}
[3.008493] (-) TimerEvent: {}
[3.108979] (-) TimerEvent: {}
[3.204392] (41068_ignition_bringup) StdoutLine: {'line': b'-- Found rosidl_generator_c: 3.1.7 (/opt/ros/humble/share/rosidl_generator_c/cmake)\n'}
[3.209184] (-) TimerEvent: {}
[3.245767] (41068_ignition_bringup) StdoutLine: {'line': b'-- Found rosidl_adapter: 3.1.7 (/opt/ros/humble/share/rosidl_adapter/cmake)\n'}
[3.309404] (-) TimerEvent: {}
[3.329927] (41068_ignition_bringup) StdoutLine: {'line': b'-- Found rosidl_generator_cpp: 3.1.7 (/opt/ros/humble/share/rosidl_generator_cpp/cmake)\n'}
[3.409540] (-) TimerEvent: {}
[3.462555] (41068_ignition_bringup) StdoutLine: {'line': b'-- Using all available rosidl_typesupport_c: rosidl_typesupport_fastrtps_c;rosidl_typesupport_introspection_c\n'}
[3.509670] (-) TimerEvent: {}
[3.585356] (41068_ignition_bringup) StdoutLine: {'line': b'-- Using all available rosidl_typesupport_cpp: rosidl_typesupport_fastrtps_cpp;rosidl_typesupport_introspection_cpp\n'}
[3.610009] (-) TimerEvent: {}
[3.710538] (-) TimerEvent: {}
[3.810967] (-) TimerEvent: {}
[3.911338] (-) TimerEvent: {}
[4.011753] (-) TimerEvent: {}
[4.112142] (-) TimerEvent: {}
[4.212558] (-) TimerEvent: {}
[4.267829] (41068_ignition_bringup) StderrLine: {'line': b'WARNING: Package name "41068_ignition_bringup" does not follow the naming conventions. It should start with a lower case letter and only contain lower case letters, digits, underscores, and dashes.\n'}
[4.289495] (41068_ignition_bringup) StdoutLine: {'line': b'-- Found ament_lint_auto: 0.12.14 (/opt/ros/humble/share/ament_lint_auto/cmake)\n'}
[4.312700] (-) TimerEvent: {}
[4.351204] (41068_ignition_bringup) StderrLine: {'line': b'WARNING: Package name "41068_ignition_bringup" does not follow the naming conventions. It should start with a lower case letter and only contain lower case letters, digits, underscores, and dashes.\n'}
[4.412825] (-) TimerEvent: {}
[4.513201] (-) TimerEvent: {}
[4.519678] (41068_ignition_bringup) StdoutLine: {'line': b"-- Added test 'copyright' to check source files copyright and LICENSE\n"}
[4.562408] (41068_ignition_bringup) StdoutLine: {'line': b"-- Added test 'flake8' to check Python code syntax and style conventions\n"}
[4.569710] (41068_ignition_bringup) StdoutLine: {'line': b"-- Added test 'lint_cmake' to check CMake code style\n"}
[4.574709] (41068_ignition_bringup) StdoutLine: {'line': b"-- Added test 'pep257' to check Python code against some of the docstring style conventions in PEP 257\n"}
[4.601808] (41068_ignition_bringup) StdoutLine: {'line': b"-- Added test 'xmllint' to check XML markup files\n"}
[4.607003] (41068_ignition_bringup) StdoutLine: {'line': b'-- Configuring done\n'}
[4.611961] (41068_ignition_bringup) StdoutLine: {'line': b'-- Generating done\n'}
[4.613274] (-) TimerEvent: {}
[4.614659] (41068_ignition_bringup) StdoutLine: {'line': b'-- Build files have been written to: /home/student/RoboticsStudio1/build/41068_ignition_bringup\n'}
[4.623938] (41068_ignition_bringup) CommandEnded: {'returncode': 0}
[4.624670] (41068_ignition_bringup) JobProgress: {'identifier': '41068_ignition_bringup', 'progress': 'build'}
[4.625956] (41068_ignition_bringup) Command: {'cmd': ['/usr/bin/cmake', '--build', '/home/student/RoboticsStudio1/build/41068_ignition_bringup', '--', '-j8', '-l8'], 'cwd': '/home/student/RoboticsStudio1/build/41068_ignition_bringup', 'env': OrderedDict([('LESSOPEN', '| /usr/bin/lesspipe %s'), ('USER', 'student'), ('SSH_AGENT_PID', '2039'), ('XDG_SESSION_TYPE', 'x11'), ('SHLVL', '1'), ('LD_LIBRARY_PATH', '/usr/lib/x86_64-linux-gnu/gazebo-11/plugins:/opt/ros/humble/opt/rviz_ogre_vendor/lib:/opt/ros/humble/lib/x86_64-linux-gnu:/opt/ros/humble/lib'), ('HOME', '/home/student'), ('OLDPWD', '/home/student'), ('ROS_PYTHON_VERSION', '3'), ('GNOME_SHELL_SESSION_MODE', 'ubuntu'), ('GTK_MODULES', 'gail:atk-bridge'), ('SYSTEMD_EXEC_PID', '2151'), ('XRDP_PULSE_SOURCE_SOCKET', 'xrdp_chansrv_audio_in_socket_10'), ('XRDP_PULSE_SINK_SOCKET', 'xrdp_chansrv_audio_out_socket_10'), ('DBUS_SESSION_BUS_ADDRESS', 'unix:path=/run/user/1002/bus'), ('COLORTERM', 'truecolor'), ('PULSE_SCRIPT', '/etc/xrdp/pulse/default.pa'), ('IM_CONFIG_PHASE', '1'), ('COLCON_PREFIX_PATH', '/home/student/ros2_ws/install'), ('ROS_DISTRO', 'humble'), ('GTK_IM_MODULE', 'ibus'), ('LOGNAME', 'student'), ('_', '/usr/bin/colcon'), ('ROS_VERSION', '2'), ('XDG_SESSION_CLASS', 'user'), ('TERM', 'xterm-256color'), ('GNOME_DESKTOP_SESSION_ID', 'this-is-deprecated'), ('ROS_LOCALHOST_ONLY', '0'), ('PATH', '/opt/ros/humble/bin:/usr/local/sbin:/usr/local/bin:/usr/sbin:/usr/bin:/sbin:/bin:/usr/games:/usr/local/games:/snap/bin'), ('SESSION_MANAGER', 'local/labNVXMF8:@/tmp/.ICE-unix/2128,unix/labNVXMF8:/tmp/.ICE-unix/2128'), ('XDG_MENU_PREFIX', 'gnome-'), ('XRDP_SOCKET_PATH', '/run/xrdp/sockdir'), ('GNOME_TERMINAL_SCREEN', '/org/gnome/Terminal/screen/f6549183_d453_4d33_ba61_99abab15fc40'), ('XDG_RUNTIME_DIR', '/run/user/1002'), ('DISPLAY', ':10.0'), ('LANG', 'en_US.UTF-8'), ('XDG_CURRENT_DESKTOP', 'ubuntu:GNOME'), ('XMODIFIERS', '@im=ibus'), ('LS_COLORS', 'rs=0:di=01;34:ln=01;36:mh=00:pi=40;33:so=01;35:do=01;35:bd=40;33;01:cd=40;33;01:or=40;31;01:mi=00:su=37;41:sg=30;43:ca=30;41:tw=30;42:ow=34;42:st=37;44:ex=01;32:*.tar=01;31:*.tgz=01;31:*.arc=01;31:*.arj=01;31:*.taz=01;31:*.lha=01;31:*.lz4=01;31:*.lzh=01;31:*.lzma=01;31:*.tlz=01;31:*.txz=01;31:*.tzo=01;31:*.t7z=01;31:*.zip=01;31:*.z=01;31:*.dz=01;31:*.gz=01;31:*.lrz=01;31:*.lz=01;31:*.lzo=01;31:*.xz=01;31:*.zst=01;31:*.tzst=01;31:*.bz2=01;31:*.bz=01;31:*.tbz=01;31:*.tbz2=01;31:*.tz=01;31:*.deb=01;31:*.rpm=01;31:*.jar=01;31:*.war=01;31:*.ear=01;31:*.sar=01;31:*.rar=01;31:*.alz=01;31:*.ace=01;31:*.zoo=01;31:*.cpio=01;31:*.7z=01;31:*.rz=01;31:*.cab=01;31:*.wim=01;31:*.swm=01;31:*.dwm=01;31:*.esd=01;31:*.jpg=01;35:*.jpeg=01;35:*.mjpg=01;35:*.mjpeg=01;35:*.gif=01;35:*.bmp=01;35:*.pbm=01;35:*.pgm=01;35:*.ppm=01;35:*.tga=01;35:*.xbm=01;35:*.xpm=01;35:*.tif=01;35:*.tiff=01;35:*.png=01;35:*.svg=01;35:*.svgz=01;35:*.mng=01;35:*.pcx=01;35:*.mov=01;35:*.mpg=01;35:*.mpeg=01;35:*.m2v=01;35:*.mkv=01;35:*.webm=01;35:*.webp=01;35:*.ogm=01;35:*.mp4=01;35:*.m4v=01;35:*.mp4v=01;35:*.vob=01;35:*.qt=01;35:*.nuv=01;35:*.wmv=01;35:*.asf=01;35:*.rm=01;35:*.rmvb=01;35:*.flc=01;35:*.avi=01;35:*.fli=01;35:*.flv=01;35:*.gl=01;35:*.dl=01;35:*.xcf=01;35:*.xwd=01;35:*.yuv=01;35:*.cgm=01;35:*.emf=01;35:*.ogv=01;35:*.ogx=01;35:*.aac=00;36:*.au=00;36:*.flac=00;36:*.m4a=00;36:*.mid=00;36:*.midi=00;36:*.mka=00;36:*.mp3=00;36:*.mpc=00;36:*.ogg=00;36:*.ra=00;36:*.wav=00;36:*.oga=00;36:*.opus=00;36:*.spx=00;36:*.xspf=00;36:'), ('GNOME_TERMINAL_SERVICE', ':1.95'), ('SSH_AUTH_SOCK', '/run/user/1002/keyring/ssh'), ('AMENT_PREFIX_PATH', '/opt/ros/humble'), ('UID', '1002'), ('SHELL', '/bin/bash'), ('QT_ACCESSIBILITY', '1'), ('LESSCLOSE', '/usr/bin/lesspipe %s %s'), ('XRDP_SESSION', '1'), ('GPG_AGENT_INFO', '/run/user/1002/gnupg/S.gpg-agent:0:1'), ('GAZEBO_RESOURCE_PATH', '/usr/share/gazebo-11/'), ('QT_IM_MODULE', 'ibus'), ('PWD', '/home/student/RoboticsStudio1/build/41068_ignition_bringup'), ('LC_ALL', 'en_US.UTF-8'), ('XDG_DATA_DIRS', '/usr/share/gnome:/usr/share/ubuntu:/usr/local/share/:/usr/share/:/var/lib/snapd/desktop'), ('PYTHONPATH', '/opt/ros/humble/lib/python3.10/site-packages:/opt/ros/humble/local/lib/python3.10/dist-packages'), ('SGX_AESM_ADDR', '1'), ('COLCON', '1'), ('VTE_VERSION', '6800'), ('CMAKE_PREFIX_PATH', '/opt/ros/humble')]), 'shell': False}
[4.713495] (-) TimerEvent: {}
[4.813934] (-) TimerEvent: {}
[4.914385] (-) TimerEvent: {}
[5.014744] (-) TimerEvent: {}
[5.115020] (-) TimerEvent: {}
[5.215344] (-) TimerEvent: {}
[5.315717] (-) TimerEvent: {}
[5.416129] (-) TimerEvent: {}
[5.516491] (-) TimerEvent: {}
[5.599411] (41068_ignition_bringup) StdoutLine: {'line': b'Built target ament_cmake_python_copy_41068_ignition_bringup\n'}
[5.616593] (-) TimerEvent: {}
[5.716893] (-) TimerEvent: {}
[5.817335] (-) TimerEvent: {}
[5.916424] (41068_ignition_bringup) StdoutLine: {'line': b'running egg_info\n'}
[5.917033] (41068_ignition_bringup) StdoutLine: {'line': b'creating 41068_ignition_bringup.egg-info\n'}
[5.917297] (41068_ignition_bringup) StdoutLine: {'line': b'writing 41068_ignition_bringup.egg-info/PKG-INFO\n'}
[5.917467] (-) TimerEvent: {}
[5.917710] (41068_ignition_bringup) StdoutLine: {'line': b'writing dependency_links to 41068_ignition_bringup.egg-info/dependency_links.txt\n'}
[5.917981] (41068_ignition_bringup) StdoutLine: {'line': b'writing top-level names to 41068_ignition_bringup.egg-info/top_level.txt\n'}
[5.918197] (41068_ignition_bringup) StdoutLine: {'line': b"writing manifest file '41068_ignition_bringup.egg-info/SOURCES.txt'\n"}
[5.936025] (41068_ignition_bringup) StdoutLine: {'line': b"reading manifest file '41068_ignition_bringup.egg-info/SOURCES.txt'\n"}
[5.936415] (41068_ignition_bringup) StdoutLine: {'line': b"writing manifest file '41068_ignition_bringup.egg-info/SOURCES.txt'\n"}
[5.966347] (41068_ignition_bringup) StdoutLine: {'line': b'Built target ament_cmake_python_build_41068_ignition_bringup_egg\n'}
[5.977693] (41068_ignition_bringup) CommandEnded: {'returncode': 0}
[5.978490] (41068_ignition_bringup) JobProgress: {'identifier': '41068_ignition_bringup', 'progress': 'install'}
[5.988792] (41068_ignition_bringup) Command: {'cmd': ['/usr/bin/cmake', '--install', '/home/student/RoboticsStudio1/build/41068_ignition_bringup'], 'cwd': '/home/student/RoboticsStudio1/build/41068_ignition_bringup', 'env': OrderedDict([('LESSOPEN', '| /usr/bin/lesspipe %s'), ('USER', 'student'), ('SSH_AGENT_PID', '2039'), ('XDG_SESSION_TYPE', 'x11'), ('SHLVL', '1'), ('LD_LIBRARY_PATH', '/usr/lib/x86_64-linux-gnu/gazebo-11/plugins:/opt/ros/humble/opt/rviz_ogre_vendor/lib:/opt/ros/humble/lib/x86_64-linux-gnu:/opt/ros/humble/lib'), ('HOME', '/home/student'), ('OLDPWD', '/home/student'), ('ROS_PYTHON_VERSION', '3'), ('GNOME_SHELL_SESSION_MODE', 'ubuntu'), ('GTK_MODULES', 'gail:atk-bridge'), ('SYSTEMD_EXEC_PID', '2151'), ('XRDP_PULSE_SOURCE_SOCKET', 'xrdp_chansrv_audio_in_socket_10'), ('XRDP_PULSE_SINK_SOCKET', 'xrdp_chansrv_audio_out_socket_10'), ('DBUS_SESSION_BUS_ADDRESS', 'unix:path=/run/user/1002/bus'), ('COLORTERM', 'truecolor'), ('PULSE_SCRIPT', '/etc/xrdp/pulse/default.pa'), ('IM_CONFIG_PHASE', '1'), ('COLCON_PREFIX_PATH', '/home/student/ros2_ws/install'), ('ROS_DISTRO', 'humble'), ('GTK_IM_MODULE', 'ibus'), ('LOGNAME', 'student'), ('_', '/usr/bin/colcon'), ('ROS_VERSION', '2'), ('XDG_SESSION_CLASS', 'user'), ('TERM', 'xterm-256color'), ('GNOME_DESKTOP_SESSION_ID', 'this-is-deprecated'), ('ROS_LOCALHOST_ONLY', '0'), ('PATH', '/opt/ros/humble/bin:/usr/local/sbin:/usr/local/bin:/usr/sbin:/usr/bin:/sbin:/bin:/usr/games:/usr/local/games:/snap/bin'), ('SESSION_MANAGER', 'local/labNVXMF8:@/tmp/.ICE-unix/2128,unix/labNVXMF8:/tmp/.ICE-unix/2128'), ('XDG_MENU_PREFIX', 'gnome-'), ('XRDP_SOCKET_PATH', '/run/xrdp/sockdir'), ('GNOME_TERMINAL_SCREEN', '/org/gnome/Terminal/screen/f6549183_d453_4d33_ba61_99abab15fc40'), ('XDG_RUNTIME_DIR', '/run/user/1002'), ('DISPLAY', ':10.0'), ('LANG', 'en_US.UTF-8'), ('XDG_CURRENT_DESKTOP', 'ubuntu:GNOME'), ('XMODIFIERS', '@im=ibus'), ('LS_COLORS', 'rs=0:di=01;34:ln=01;36:mh=00:pi=40;33:so=01;35:do=01;35:bd=40;33;01:cd=40;33;01:or=40;31;01:mi=00:su=37;41:sg=30;43:ca=30;41:tw=30;42:ow=34;42:st=37;44:ex=01;32:*.tar=01;31:*.tgz=01;31:*.arc=01;31:*.arj=01;31:*.taz=01;31:*.lha=01;31:*.lz4=01;31:*.lzh=01;31:*.lzma=01;31:*.tlz=01;31:*.txz=01;31:*.tzo=01;31:*.t7z=01;31:*.zip=01;31:*.z=01;31:*.dz=01;31:*.gz=01;31:*.lrz=01;31:*.lz=01;31:*.lzo=01;31:*.xz=01;31:*.zst=01;31:*.tzst=01;31:*.bz2=01;31:*.bz=01;31:*.tbz=01;31:*.tbz2=01;31:*.tz=01;31:*.deb=01;31:*.rpm=01;31:*.jar=01;31:*.war=01;31:*.ear=01;31:*.sar=01;31:*.rar=01;31:*.alz=01;31:*.ace=01;31:*.zoo=01;31:*.cpio=01;31:*.7z=01;31:*.rz=01;31:*.cab=01;31:*.wim=01;31:*.swm=01;31:*.dwm=01;31:*.esd=01;31:*.jpg=01;35:*.jpeg=01;35:*.mjpg=01;35:*.mjpeg=01;35:*.gif=01;35:*.bmp=01;35:*.pbm=01;35:*.pgm=01;35:*.ppm=01;35:*.tga=01;35:*.xbm=01;35:*.xpm=01;35:*.tif=01;35:*.tiff=01;35:*.png=01;35:*.svg=01;35:*.svgz=01;35:*.mng=01;35:*.pcx=01;35:*.mov=01;35:*.mpg=01;35:*.mpeg=01;35:*.m2v=01;35:*.mkv=01;35:*.webm=01;35:*.webp=01;35:*.ogm=01;35:*.mp4=01;35:*.m4v=01;35:*.mp4v=01;35:*.vob=01;35:*.qt=01;35:*.nuv=01;35:*.wmv=01;35:*.asf=01;35:*.rm=01;35:*.rmvb=01;35:*.flc=01;35:*.avi=01;35:*.fli=01;35:*.flv=01;35:*.gl=01;35:*.dl=01;35:*.xcf=01;35:*.xwd=01;35:*.yuv=01;35:*.cgm=01;35:*.emf=01;35:*.ogv=01;35:*.ogx=01;35:*.aac=00;36:*.au=00;36:*.flac=00;36:*.m4a=00;36:*.mid=00;36:*.midi=00;36:*.mka=00;36:*.mp3=00;36:*.mpc=00;36:*.ogg=00;36:*.ra=00;36:*.wav=00;36:*.oga=00;36:*.opus=00;36:*.spx=00;36:*.xspf=00;36:'), ('GNOME_TERMINAL_SERVICE', ':1.95'), ('SSH_AUTH_SOCK', '/run/user/1002/keyring/ssh'), ('AMENT_PREFIX_PATH', '/opt/ros/humble'), ('UID', '1002'), ('SHELL', '/bin/bash'), ('QT_ACCESSIBILITY', '1'), ('LESSCLOSE', '/usr/bin/lesspipe %s %s'), ('XRDP_SESSION', '1'), ('GPG_AGENT_INFO', '/run/user/1002/gnupg/S.gpg-agent:0:1'), ('GAZEBO_RESOURCE_PATH', '/usr/share/gazebo-11/'), ('QT_IM_MODULE', 'ibus'), ('PWD', '/home/student/RoboticsStudio1/build/41068_ignition_bringup'), ('LC_ALL', 'en_US.UTF-8'), ('XDG_DATA_DIRS', '/usr/share/gnome:/usr/share/ubuntu:/usr/local/share/:/usr/share/:/var/lib/snapd/desktop'), ('PYTHONPATH', '/opt/ros/humble/lib/python3.10/site-packages:/opt/ros/humble/local/lib/python3.10/dist-packages'), ('SGX_AESM_ADDR', '1'), ('COLCON', '1'), ('VTE_VERSION', '6800'), ('CMAKE_PREFIX_PATH', '/opt/ros/humble')]), 'shell': False}
[5.996322] (41068_ignition_bringup) StdoutLine: {'line': b'-- Install configuration: ""\n'}
[5.996565] (41068_ignition_bringup) StdoutLine: {'line': b'-- Installing: /home/student/RoboticsStudio1/install/41068_ignition_bringup/share/41068_ignition_bringup/environment/pythonpath.sh\n'}
[5.996843] (41068_ignition_bringup) StdoutLine: {'line': b'-- Installing: /home/student/RoboticsStudio1/install/41068_ignition_bringup/share/41068_ignition_bringup/environment/pythonpath.dsv\n'}
[5.997074] (41068_ignition_bringup) StdoutLine: {'line': b'-- Installing: /home/student/RoboticsStudio1/install/41068_ignition_bringup/local/lib/python3.10/dist-packages/41068_ignition_bringup-1.0.3-py3.10.egg-info\n'}
[5.997271] (41068_ignition_bringup) StdoutLine: {'line': b'-- Installing: /home/student/RoboticsStudio1/install/41068_ignition_bringup/local/lib/python3.10/dist-packages/41068_ignition_bringup-1.0.3-py3.10.egg-info/PKG-INFO\n'}
[5.997461] (41068_ignition_bringup) StdoutLine: {'line': b'-- Installing: /home/student/RoboticsStudio1/install/41068_ignition_bringup/local/lib/python3.10/dist-packages/41068_ignition_bringup-1.0.3-py3.10.egg-info/SOURCES.txt\n'}
[5.997645] (41068_ignition_bringup) StdoutLine: {'line': b'-- Installing: /home/student/RoboticsStudio1/install/41068_ignition_bringup/local/lib/python3.10/dist-packages/41068_ignition_bringup-1.0.3-py3.10.egg-info/dependency_links.txt\n'}
[5.997830] (41068_ignition_bringup) StdoutLine: {'line': b'-- Installing: /home/student/RoboticsStudio1/install/41068_ignition_bringup/local/lib/python3.10/dist-packages/41068_ignition_bringup-1.0.3-py3.10.egg-info/top_level.txt\n'}
[5.998060] (41068_ignition_bringup) StdoutLine: {'line': b'-- Installing: /home/student/RoboticsStudio1/install/41068_ignition_bringup/local/lib/python3.10/dist-packages/41068_ignition_bringup\n'}
[5.998244] (41068_ignition_bringup) StdoutLine: {'line': b'-- Installing: /home/student/RoboticsStudio1/install/41068_ignition_bringup/local/lib/python3.10/dist-packages/41068_ignition_bringup/odom\n'}
[5.998429] (41068_ignition_bringup) StdoutLine: {'line': b'-- Installing: /home/student/RoboticsStudio1/install/41068_ignition_bringup/local/lib/python3.10/dist-packages/41068_ignition_bringup/odom/odometry_listener.py\n'}
[5.998578] (41068_ignition_bringup) StdoutLine: {'line': b'-- Installing: /home/student/RoboticsStudio1/install/41068_ignition_bringup/local/lib/python3.10/dist-packages/41068_ignition_bringup/odom/__init__.py\n'}
[5.998738] (41068_ignition_bringup) StdoutLine: {'line': b'-- Installing: /home/student/RoboticsStudio1/install/41068_ignition_bringup/local/lib/python3.10/dist-packages/41068_ignition_bringup/config\n'}
[5.998908] (41068_ignition_bringup) StdoutLine: {'line': b'-- Installing: /home/student/RoboticsStudio1/install/41068_ignition_bringup/local/lib/python3.10/dist-packages/41068_ignition_bringup/config/gazebo_bridge.yaml\n'}
[5.999095] (41068_ignition_bringup) StdoutLine: {'line': b'-- Installing: /home/student/RoboticsStudio1/install/41068_ignition_bringup/local/lib/python3.10/dist-packages/41068_ignition_bringup/config/slam_params.yaml\n'}
[5.999257] (41068_ignition_bringup) StdoutLine: {'line': b'-- Installing: /home/student/RoboticsStudio1/install/41068_ignition_bringup/local/lib/python3.10/dist-packages/41068_ignition_bringup/config/nav2_params.yaml\n'}
[5.999421] (41068_ignition_bringup) StdoutLine: {'line': b'-- Installing: /home/student/RoboticsStudio1/install/41068_ignition_bringup/local/lib/python3.10/dist-packages/41068_ignition_bringup/config/robot_localization.yaml\n'}
[5.999566] (41068_ignition_bringup) StdoutLine: {'line': b'-- Installing: /home/student/RoboticsStudio1/install/41068_ignition_bringup/local/lib/python3.10/dist-packages/41068_ignition_bringup/config/41068.rviz\n'}
[5.999737] (41068_ignition_bringup) StdoutLine: {'line': b'-- Installing: /home/student/RoboticsStudio1/install/41068_ignition_bringup/local/lib/python3.10/dist-packages/41068_ignition_bringup/urdf_drone\n'}
[5.999913] (41068_ignition_bringup) StdoutLine: {'line': b'-- Installing: /home/student/RoboticsStudio1/install/41068_ignition_bringup/local/lib/python3.10/dist-packages/41068_ignition_bringup/urdf_drone/model.config\n'}
[6.000105] (41068_ignition_bringup) StdoutLine: {'line': b'-- Installing: /home/student/RoboticsStudio1/install/41068_ignition_bringup/local/lib/python3.10/dist-packages/41068_ignition_bringup/urdf_drone/model.sdf\n'}
[6.000249] (41068_ignition_bringup) StdoutLine: {'line': b'-- Installing: /home/student/RoboticsStudio1/install/41068_ignition_bringup/local/lib/python3.10/dist-packages/41068_ignition_bringup/urdf_drone/common_properties.urdf.xacro\n'}
[6.000418] (41068_ignition_bringup) StdoutLine: {'line': b'-- Installing: /home/student/RoboticsStudio1/install/41068_ignition_bringup/local/lib/python3.10/dist-packages/41068_ignition_bringup/urdf_drone/thumbnails\n'}
[6.000575] (41068_ignition_bringup) StdoutLine: {'line': b'-- Installing: /home/student/RoboticsStudio1/install/41068_ignition_bringup/local/lib/python3.10/dist-packages/41068_ignition_bringup/urdf_drone/thumbnails/4.png\n'}
[6.000739] (41068_ignition_bringup) StdoutLine: {'line': b'-- Installing: /home/student/RoboticsStudio1/install/41068_ignition_bringup/local/lib/python3.10/dist-packages/41068_ignition_bringup/urdf_drone/thumbnails/2.png\n'}
[6.001004] (41068_ignition_bringup) StdoutLine: {'line': b'-- Installing: /home/student/RoboticsStudio1/install/41068_ignition_bringup/local/lib/python3.10/dist-packages/41068_ignition_bringup/urdf_drone/thumbnails/5.png\n'}
[6.001189] (41068_ignition_bringup) StdoutLine: {'line': b'-- Installing: /home/student/RoboticsStudio1/install/41068_ignition_bringup/local/lib/python3.10/dist-packages/41068_ignition_bringup/urdf_drone/thumbnails/1.png\n'}
[6.001328] (41068_ignition_bringup) StdoutLine: {'line': b'-- Installing: /home/student/RoboticsStudio1/install/41068_ignition_bringup/local/lib/python3.10/dist-packages/41068_ignition_bringup/urdf_drone/thumbnails/3.png\n'}
[6.001453] (41068_ignition_bringup) StdoutLine: {'line': b'-- Installing: /home/student/RoboticsStudio1/install/41068_ignition_bringup/local/lib/python3.10/dist-packages/41068_ignition_bringup/urdf_drone/meshes\n'}
[6.001579] (41068_ignition_bringup) StdoutLine: {'line': b'-- Installing: /home/student/RoboticsStudio1/install/41068_ignition_bringup/local/lib/python3.10/dist-packages/41068_ignition_bringup/urdf_drone/meshes/propeller_fr.dae\n'}
[6.001911] (41068_ignition_bringup) StdoutLine: {'line': b'-- Installing: /home/student/RoboticsStudio1/install/41068_ignition_bringup/local/lib/python3.10/dist-packages/41068_ignition_bringup/urdf_drone/meshes/propeller_fl.dae\n'}
[6.002408] (41068_ignition_bringup) StdoutLine: {'line': b'-- Installing: /home/student/RoboticsStudio1/install/41068_ignition_bringup/local/lib/python3.10/dist-packages/41068_ignition_bringup/urdf_drone/meshes/propeller_rl.dae\n'}
[6.002827] (41068_ignition_bringup) StdoutLine: {'line': b'-- Installing: /home/student/RoboticsStudio1/install/41068_ignition_bringup/local/lib/python3.10/dist-packages/41068_ignition_bringup/urdf_drone/meshes/hull.dae\n'}
[6.006733] (41068_ignition_bringup) StdoutLine: {'line': b'-- Installing: /home/student/RoboticsStudio1/install/41068_ignition_bringup/local/lib/python3.10/dist-packages/41068_ignition_bringup/urdf_drone/meshes/propeller_rr.dae\n'}
[6.007060] (41068_ignition_bringup) StdoutLine: {'line': b'-- Installing: /home/student/RoboticsStudio1/install/41068_ignition_bringup/local/lib/python3.10/dist-packages/41068_ignition_bringup/urdf_drone/parrot.gazebo.xacro\n'}
[6.007198] (41068_ignition_bringup) StdoutLine: {'line': b'-- Installing: /home/student/RoboticsStudio1/install/41068_ignition_bringup/local/lib/python3.10/dist-packages/41068_ignition_bringup/urdf_drone/parrot.urdf.xacro\n'}
[6.007340] (41068_ignition_bringup) StdoutLine: {'line': b'-- Installing: /home/student/RoboticsStudio1/install/41068_ignition_bringup/local/lib/python3.10/dist-packages/41068_ignition_bringup/README.md\n'}
[6.007504] (41068_ignition_bringup) StdoutLine: {'line': b'-- Installing: /home/student/RoboticsStudio1/install/41068_ignition_bringup/local/lib/python3.10/dist-packages/41068_ignition_bringup/runner.py\n'}
[6.007608] (41068_ignition_bringup) StdoutLine: {'line': b'-- Installing: /home/student/RoboticsStudio1/install/41068_ignition_bringup/local/lib/python3.10/dist-packages/41068_ignition_bringup/drone_movement\n'}
[6.007754] (41068_ignition_bringup) StdoutLine: {'line': b'-- Installing: /home/student/RoboticsStudio1/install/41068_ignition_bringup/local/lib/python3.10/dist-packages/41068_ignition_bringup/drone_movement/dronecontroltest.py\n'}
[6.007879] (41068_ignition_bringup) StdoutLine: {'line': b'-- Installing: /home/student/RoboticsStudio1/install/41068_ignition_bringup/local/lib/python3.10/dist-packages/41068_ignition_bringup/drone_movement/dronecontrolling.py\n'}
[6.007971] (41068_ignition_bringup) StdoutLine: {'line': b'-- Installing: /home/student/RoboticsStudio1/install/41068_ignition_bringup/local/lib/python3.10/dist-packages/41068_ignition_bringup/lidar_processing\n'}
[6.008125] (41068_ignition_bringup) StdoutLine: {'line': b'-- Installing: /home/student/RoboticsStudio1/install/41068_ignition_bringup/local/lib/python3.10/dist-packages/41068_ignition_bringup/lidar_processing/filtered_lidar.py\n'}
[6.008250] (41068_ignition_bringup) StdoutLine: {'line': b'-- Installing: /home/student/RoboticsStudio1/install/41068_ignition_bringup/local/lib/python3.10/dist-packages/41068_ignition_bringup/lidar_processing/tree_detector.py\n'}
[6.008355] (41068_ignition_bringup) StdoutLine: {'line': b'-- Installing: /home/student/RoboticsStudio1/install/41068_ignition_bringup/local/lib/python3.10/dist-packages/41068_ignition_bringup/lidar_processing/__init__.py\n'}
[6.008449] (41068_ignition_bringup) StdoutLine: {'line': b'-- Installing: /home/student/RoboticsStudio1/install/41068_ignition_bringup/local/lib/python3.10/dist-packages/41068_ignition_bringup/worlds\n'}
[6.008625] (41068_ignition_bringup) StdoutLine: {'line': b'-- Installing: /home/student/RoboticsStudio1/install/41068_ignition_bringup/local/lib/python3.10/dist-packages/41068_ignition_bringup/worlds/simple_trees.sdf\n'}
[6.008735] (41068_ignition_bringup) StdoutLine: {'line': b'-- Installing: /home/student/RoboticsStudio1/install/41068_ignition_bringup/local/lib/python3.10/dist-packages/41068_ignition_bringup/worlds/large_demo.sdf\n'}
[6.008834] (41068_ignition_bringup) StdoutLine: {'line': b'-- Installing: /home/student/RoboticsStudio1/install/41068_ignition_bringup/local/lib/python3.10/dist-packages/41068_ignition_bringup/gui\n'}
[6.008973] (41068_ignition_bringup) StdoutLine: {'line': b'-- Installing: /home/student/RoboticsStudio1/install/41068_ignition_bringup/local/lib/python3.10/dist-packages/41068_ignition_bringup/gui/gui_panel.py\n'}
[6.009118] (41068_ignition_bringup) StdoutLine: {'line': b'-- Installing: /home/student/RoboticsStudio1/install/41068_ignition_bringup/local/lib/python3.10/dist-packages/41068_ignition_bringup/models\n'}
[6.009216] (41068_ignition_bringup) StdoutLine: {'line': b'-- Installing: /home/student/RoboticsStudio1/install/41068_ignition_bringup/local/lib/python3.10/dist-packages/41068_ignition_bringup/models/grass_plane\n'}
[6.009311] (41068_ignition_bringup) StdoutLine: {'line': b'-- Installing: /home/student/RoboticsStudio1/install/41068_ignition_bringup/local/lib/python3.10/dist-packages/41068_ignition_bringup/models/grass_plane/model.config\n'}
[6.009416] (41068_ignition_bringup) StdoutLine: {'line': b'-- Installing: /home/student/RoboticsStudio1/install/41068_ignition_bringup/local/lib/python3.10/dist-packages/41068_ignition_bringup/models/grass_plane/model.sdf\n'}
[6.009522] (41068_ignition_bringup) StdoutLine: {'line': b'-- Installing: /home/student/RoboticsStudio1/install/41068_ignition_bringup/local/lib/python3.10/dist-packages/41068_ignition_bringup/models/grass_plane/materials\n'}
[6.009670] (41068_ignition_bringup) StdoutLine: {'line': b'-- Installing: /home/student/RoboticsStudio1/install/41068_ignition_bringup/local/lib/python3.10/dist-packages/41068_ignition_bringup/models/grass_plane/materials/textures\n'}
[6.009753] (41068_ignition_bringup) StdoutLine: {'line': b'-- Installing: /home/student/RoboticsStudio1/install/41068_ignition_bringup/local/lib/python3.10/dist-packages/41068_ignition_bringup/models/grass_plane/materials/textures/empty_grass.png\n'}
[6.013530] (41068_ignition_bringup) StdoutLine: {'line': b'-- Installing: /home/student/RoboticsStudio1/install/41068_ignition_bringup/local/lib/python3.10/dist-packages/41068_ignition_bringup/models/forest_plane\n'}
[6.013782] (41068_ignition_bringup) StdoutLine: {'line': b'-- Installing: /home/student/RoboticsStudio1/install/41068_ignition_bringup/local/lib/python3.10/dist-packages/41068_ignition_bringup/models/forest_plane/model.config\n'}
[6.013969] (41068_ignition_bringup) StdoutLine: {'line': b'-- Installing: /home/student/RoboticsStudio1/install/41068_ignition_bringup/local/lib/python3.10/dist-packages/41068_ignition_bringup/models/forest_plane/model.sdf\n'}
[6.014053] (41068_ignition_bringup) StdoutLine: {'line': b'-- Installing: /home/student/RoboticsStudio1/install/41068_ignition_bringup/local/lib/python3.10/dist-packages/41068_ignition_bringup/models/forest_plane/materials\n'}
[6.014122] (41068_ignition_bringup) StdoutLine: {'line': b'-- Installing: /home/student/RoboticsStudio1/install/41068_ignition_bringup/local/lib/python3.10/dist-packages/41068_ignition_bringup/models/forest_plane/materials/textures\n'}
[6.014177] (41068_ignition_bringup) StdoutLine: {'line': b'-- Installing: /home/student/RoboticsStudio1/install/41068_ignition_bringup/local/lib/python3.10/dist-packages/41068_ignition_bringup/models/forest_plane/materials/textures/forest_overhead.png\n'}
[6.017448] (41068_ignition_bringup) StdoutLine: {'line': b'-- Installing: /home/student/RoboticsStudio1/install/41068_ignition_bringup/local/lib/python3.10/dist-packages/41068_ignition_bringup/models/forest_plane/materials/textures/empty_grass.png\n'}
[6.017591] (-) TimerEvent: {}
[6.021645] (41068_ignition_bringup) StdoutLine: {'line': b'-- Installing: /home/student/RoboticsStudio1/install/41068_ignition_bringup/local/lib/python3.10/dist-packages/41068_ignition_bringup/models/forest_plane/materials/textures/leaf_litter.png\n'}
[6.024934] (41068_ignition_bringup) StdoutLine: {'line': b'-- Installing: /home/student/RoboticsStudio1/install/41068_ignition_bringup/local/lib/python3.10/dist-packages/41068_ignition_bringup/models/forest_wall\n'}
[6.025085] (41068_ignition_bringup) StdoutLine: {'line': b'-- Installing: /home/student/RoboticsStudio1/install/41068_ignition_bringup/local/lib/python3.10/dist-packages/41068_ignition_bringup/models/forest_wall/model.config\n'}
[6.025187] (41068_ignition_bringup) StdoutLine: {'line': b'-- Installing: /home/student/RoboticsStudio1/install/41068_ignition_bringup/local/lib/python3.10/dist-packages/41068_ignition_bringup/models/forest_wall/model.sdf\n'}
[6.025272] (41068_ignition_bringup) StdoutLine: {'line': b'-- Installing: /home/student/RoboticsStudio1/install/41068_ignition_bringup/local/lib/python3.10/dist-packages/41068_ignition_bringup/models/forest_wall/materials\n'}
[6.025363] (41068_ignition_bringup) StdoutLine: {'line': b'-- Installing: /home/student/RoboticsStudio1/install/41068_ignition_bringup/local/lib/python3.10/dist-packages/41068_ignition_bringup/models/forest_wall/materials/textures\n'}
[6.025421] (41068_ignition_bringup) StdoutLine: {'line': b'-- Installing: /home/student/RoboticsStudio1/install/41068_ignition_bringup/local/lib/python3.10/dist-packages/41068_ignition_bringup/models/forest_wall/materials/textures/forest_wall_transparent.png\n'}
[6.028441] (41068_ignition_bringup) StdoutLine: {'line': b'-- Installing: /home/student/RoboticsStudio1/install/41068_ignition_bringup/local/lib/python3.10/dist-packages/41068_ignition_bringup/models/forest_wall/materials/textures/forest_wall_transparent_small.png\n'}
[6.028648] (41068_ignition_bringup) StdoutLine: {'line': b'-- Installing: /home/student/RoboticsStudio1/install/41068_ignition_bringup/local/lib/python3.10/dist-packages/41068_ignition_bringup/models/forest_wall/materials/textures/forest_wall.png\n'}
[6.031686] (41068_ignition_bringup) StdoutLine: {'line': b'-- Installing: /home/student/RoboticsStudio1/install/41068_ignition_bringup/local/lib/python3.10/dist-packages/41068_ignition_bringup/path_planning\n'}
[6.031836] (41068_ignition_bringup) StdoutLine: {'line': b'-- Installing: /home/student/RoboticsStudio1/install/41068_ignition_bringup/local/lib/python3.10/dist-packages/41068_ignition_bringup/path_planning/test_snake_waypoints.py\n'}
[6.031964] (41068_ignition_bringup) StdoutLine: {'line': b'-- Installing: /home/student/RoboticsStudio1/install/41068_ignition_bringup/local/lib/python3.10/dist-packages/41068_ignition_bringup/__init__.py\n'}
[6.032091] (41068_ignition_bringup) StdoutLine: {'line': b'-- Installing: /home/student/RoboticsStudio1/install/41068_ignition_bringup/local/lib/python3.10/dist-packages/41068_ignition_bringup/launch\n'}
[6.032167] (41068_ignition_bringup) StdoutLine: {'line': b'-- Installing: /home/student/RoboticsStudio1/install/41068_ignition_bringup/local/lib/python3.10/dist-packages/41068_ignition_bringup/launch/41068_navigation.launch.py\n'}
[6.032242] (41068_ignition_bringup) StdoutLine: {'line': b'-- Installing: /home/student/RoboticsStudio1/install/41068_ignition_bringup/local/lib/python3.10/dist-packages/41068_ignition_bringup/launch/41068_ignition.launch.py\n'}
[6.032355] (41068_ignition_bringup) StdoutLine: {'line': b'-- Installing: /home/student/RoboticsStudio1/install/41068_ignition_bringup/local/lib/python3.10/dist-packages/41068_ignition_bringup/launch/41068_ignition_drone.launch.py\n'}
[6.032425] (41068_ignition_bringup) StdoutLine: {'line': b'-- Installing: /home/student/RoboticsStudio1/install/41068_ignition_bringup/local/lib/python3.10/dist-packages/41068_ignition_bringup/.git\n'}
[6.032494] (41068_ignition_bringup) StdoutLine: {'line': b'-- Installing: /home/student/RoboticsStudio1/install/41068_ignition_bringup/local/lib/python3.10/dist-packages/41068_ignition_bringup/.git/logs\n'}
[6.032613] (41068_ignition_bringup) StdoutLine: {'line': b'-- Installing: /home/student/RoboticsStudio1/install/41068_ignition_bringup/local/lib/python3.10/dist-packages/41068_ignition_bringup/.git/logs/HEAD\n'}
[6.032676] (41068_ignition_bringup) StdoutLine: {'line': b'-- Installing: /home/student/RoboticsStudio1/install/41068_ignition_bringup/local/lib/python3.10/dist-packages/41068_ignition_bringup/.git/logs/refs\n'}
[6.032746] (41068_ignition_bringup) StdoutLine: {'line': b'-- Installing: /home/student/RoboticsStudio1/install/41068_ignition_bringup/local/lib/python3.10/dist-packages/41068_ignition_bringup/.git/logs/refs/heads\n'}
[6.032815] (41068_ignition_bringup) StdoutLine: {'line': b'-- Installing: /home/student/RoboticsStudio1/install/41068_ignition_bringup/local/lib/python3.10/dist-packages/41068_ignition_bringup/.git/logs/refs/heads/graeme\n'}
[6.032924] (41068_ignition_bringup) StdoutLine: {'line': b'-- Installing: /home/student/RoboticsStudio1/install/41068_ignition_bringup/local/lib/python3.10/dist-packages/41068_ignition_bringup/.git/logs/refs/heads/graeme/initial_edits\n'}
[6.033025] (41068_ignition_bringup) StdoutLine: {'line': b'-- Installing: /home/student/RoboticsStudio1/install/41068_ignition_bringup/local/lib/python3.10/dist-packages/41068_ignition_bringup/.git/logs/refs/heads/main\n'}
[6.033123] (41068_ignition_bringup) StdoutLine: {'line': b'-- Installing: /home/student/RoboticsStudio1/install/41068_ignition_bringup/local/lib/python3.10/dist-packages/41068_ignition_bringup/.git/logs/refs/remotes\n'}
[6.033193] (41068_ignition_bringup) StdoutLine: {'line': b'-- Installing: /home/student/RoboticsStudio1/install/41068_ignition_bringup/local/lib/python3.10/dist-packages/41068_ignition_bringup/.git/logs/refs/remotes/origin\n'}
[6.033263] (41068_ignition_bringup) StdoutLine: {'line': b'-- Installing: /home/student/RoboticsStudio1/install/41068_ignition_bringup/local/lib/python3.10/dist-packages/41068_ignition_bringup/.git/logs/refs/remotes/origin/HEAD\n'}
[6.033373] (41068_ignition_bringup) StdoutLine: {'line': b'-- Installing: /home/student/RoboticsStudio1/install/41068_ignition_bringup/local/lib/python3.10/dist-packages/41068_ignition_bringup/.git/logs/refs/remotes/origin/graeme\n'}
[6.033444] (41068_ignition_bringup) StdoutLine: {'line': b'-- Installing: /home/student/RoboticsStudio1/install/41068_ignition_bringup/local/lib/python3.10/dist-packages/41068_ignition_bringup/.git/logs/refs/remotes/origin/graeme/initial_edits\n'}
[6.033559] (41068_ignition_bringup) StdoutLine: {'line': b'-- Installing: /home/student/RoboticsStudio1/install/41068_ignition_bringup/local/lib/python3.10/dist-packages/41068_ignition_bringup/.git/hooks\n'}
[6.033650] (41068_ignition_bringup) StdoutLine: {'line': b'-- Installing: /home/student/RoboticsStudio1/install/41068_ignition_bringup/local/lib/python3.10/dist-packages/41068_ignition_bringup/.git/hooks/pre-push\n'}
[6.033721] (41068_ignition_bringup) StdoutLine: {'line': b'-- Installing: /home/student/RoboticsStudio1/install/41068_ignition_bringup/local/lib/python3.10/dist-packages/41068_ignition_bringup/.git/hooks/post-checkout\n'}
[6.033818] (41068_ignition_bringup) StdoutLine: {'line': b'-- Installing: /home/student/RoboticsStudio1/install/41068_ignition_bringup/local/lib/python3.10/dist-packages/41068_ignition_bringup/.git/hooks/pre-commit.sample\n'}
[6.033896] (41068_ignition_bringup) StdoutLine: {'line': b'-- Installing: /home/student/RoboticsStudio1/install/41068_ignition_bringup/local/lib/python3.10/dist-packages/41068_ignition_bringup/.git/hooks/pre-merge-commit.sample\n'}
[6.034054] (41068_ignition_bringup) StdoutLine: {'line': b'-- Installing: /home/student/RoboticsStudio1/install/41068_ignition_bringup/local/lib/python3.10/dist-packages/41068_ignition_bringup/.git/hooks/commit-msg.sample\n'}
[6.034131] (41068_ignition_bringup) StdoutLine: {'line': b'-- Installing: /home/student/RoboticsStudio1/install/41068_ignition_bringup/local/lib/python3.10/dist-packages/41068_ignition_bringup/.git/hooks/post-merge\n'}
[6.034246] (41068_ignition_bringup) StdoutLine: {'line': b'-- Installing: /home/student/RoboticsStudio1/install/41068_ignition_bringup/local/lib/python3.10/dist-packages/41068_ignition_bringup/.git/hooks/pre-push.sample\n'}
[6.034310] (41068_ignition_bringup) StdoutLine: {'line': b'-- Installing: /home/student/RoboticsStudio1/install/41068_ignition_bringup/local/lib/python3.10/dist-packages/41068_ignition_bringup/.git/hooks/update.sample\n'}
[6.034368] (41068_ignition_bringup) StdoutLine: {'line': b'-- Installing: /home/student/RoboticsStudio1/install/41068_ignition_bringup/local/lib/python3.10/dist-packages/41068_ignition_bringup/.git/hooks/post-update.sample\n'}
[6.034475] (41068_ignition_bringup) StdoutLine: {'line': b'-- Installing: /home/student/RoboticsStudio1/install/41068_ignition_bringup/local/lib/python3.10/dist-packages/41068_ignition_bringup/.git/hooks/fsmonitor-watchman.sample\n'}
[6.034534] (41068_ignition_bringup) StdoutLine: {'line': b'-- Installing: /home/student/RoboticsStudio1/install/41068_ignition_bringup/local/lib/python3.10/dist-packages/41068_ignition_bringup/.git/hooks/applypatch-msg.sample\n'}
[6.034623] (41068_ignition_bringup) StdoutLine: {'line': b'-- Installing: /home/student/RoboticsStudio1/install/41068_ignition_bringup/local/lib/python3.10/dist-packages/41068_ignition_bringup/.git/hooks/prepare-commit-msg.sample\n'}
[6.034715] (41068_ignition_bringup) StdoutLine: {'line': b'-- Installing: /home/student/RoboticsStudio1/install/41068_ignition_bringup/local/lib/python3.10/dist-packages/41068_ignition_bringup/.git/hooks/post-commit\n'}
[6.034813] (41068_ignition_bringup) StdoutLine: {'line': b'-- Installing: /home/student/RoboticsStudio1/install/41068_ignition_bringup/local/lib/python3.10/dist-packages/41068_ignition_bringup/.git/hooks/pre-rebase.sample\n'}
[6.034903] (41068_ignition_bringup) StdoutLine: {'line': b'-- Installing: /home/student/RoboticsStudio1/install/41068_ignition_bringup/local/lib/python3.10/dist-packages/41068_ignition_bringup/.git/hooks/pre-receive.sample\n'}
[6.035079] (41068_ignition_bringup) StdoutLine: {'line': b'-- Installing: /home/student/RoboticsStudio1/install/41068_ignition_bringup/local/lib/python3.10/dist-packages/41068_ignition_bringup/.git/hooks/pre-applypatch.sample\n'}
[6.035320] (41068_ignition_bringup) StdoutLine: {'line': b'-- Installing: /home/student/RoboticsStudio1/install/41068_ignition_bringup/local/lib/python3.10/dist-packages/41068_ignition_bringup/.git/hooks/push-to-checkout.sample\n'}
[6.035464] (41068_ignition_bringup) StdoutLine: {'line': b'-- Installing: /home/student/RoboticsStudio1/install/41068_ignition_bringup/local/lib/python3.10/dist-packages/41068_ignition_bringup/.git/config\n'}
[6.035551] (41068_ignition_bringup) StdoutLine: {'line': b'-- Installing: /home/student/RoboticsStudio1/install/41068_ignition_bringup/local/lib/python3.10/dist-packages/41068_ignition_bringup/.git/packed-refs\n'}
[6.035716] (41068_ignition_bringup) StdoutLine: {'line': b'-- Installing: /home/student/RoboticsStudio1/install/41068_ignition_bringup/local/lib/python3.10/dist-packages/41068_ignition_bringup/.git/info\n'}
[6.035898] (41068_ignition_bringup) StdoutLine: {'line': b'-- Installing: /home/student/RoboticsStudio1/install/41068_ignition_bringup/local/lib/python3.10/dist-packages/41068_ignition_bringup/.git/info/exclude\n'}
[6.036052] (41068_ignition_bringup) StdoutLine: {'line': b'-- Installing: /home/student/RoboticsStudio1/install/41068_ignition_bringup/local/lib/python3.10/dist-packages/41068_ignition_bringup/.git/ORIG_HEAD\n'}
[6.036166] (41068_ignition_bringup) StdoutLine: {'line': b'-- Installing: /home/student/RoboticsStudio1/install/41068_ignition_bringup/local/lib/python3.10/dist-packages/41068_ignition_bringup/.git/index\n'}
[6.036239] (41068_ignition_bringup) StdoutLine: {'line': b'-- Installing: /home/student/RoboticsStudio1/install/41068_ignition_bringup/local/lib/python3.10/dist-packages/41068_ignition_bringup/.git/FETCH_HEAD\n'}
[6.036352] (41068_ignition_bringup) StdoutLine: {'line': b'-- Installing: /home/student/RoboticsStudio1/install/41068_ignition_bringup/local/lib/python3.10/dist-packages/41068_ignition_bringup/.git/HEAD\n'}
[6.036430] (41068_ignition_bringup) StdoutLine: {'line': b'-- Installing: /home/student/RoboticsStudio1/install/41068_ignition_bringup/local/lib/python3.10/dist-packages/41068_ignition_bringup/.git/description\n'}
[6.036560] (41068_ignition_bringup) StdoutLine: {'line': b'-- Installing: /home/student/RoboticsStudio1/install/41068_ignition_bringup/local/lib/python3.10/dist-packages/41068_ignition_bringup/.git/COMMIT_EDITMSG\n'}
[6.036671] (41068_ignition_bringup) StdoutLine: {'line': b'-- Installing: /home/student/RoboticsStudio1/install/41068_ignition_bringup/local/lib/python3.10/dist-packages/41068_ignition_bringup/.git/objects\n'}
[6.036793] (41068_ignition_bringup) StdoutLine: {'line': b'-- Installing: /home/student/RoboticsStudio1/install/41068_ignition_bringup/local/lib/python3.10/dist-packages/41068_ignition_bringup/.git/objects/02\n'}
[6.036900] (41068_ignition_bringup) StdoutLine: {'line': b'-- Installing: /home/student/RoboticsStudio1/install/41068_ignition_bringup/local/lib/python3.10/dist-packages/41068_ignition_bringup/.git/objects/02/5cf063329e857074c803848a55b26c687fefe5\n'}
[6.037041] (41068_ignition_bringup) StdoutLine: {'line': b'-- Installing: /home/student/RoboticsStudio1/install/41068_ignition_bringup/local/lib/python3.10/dist-packages/41068_ignition_bringup/.git/objects/02/8a9a37e49f4a1557b9ddf5831cc5ee70c224da\n'}
[6.037176] (41068_ignition_bringup) StdoutLine: {'line': b'-- Installing: /home/student/RoboticsStudio1/install/41068_ignition_bringup/local/lib/python3.10/dist-packages/41068_ignition_bringup/.git/objects/02/ed92a5c608b1ec769ba3dd0e3f9cf62199cb8f\n'}
[6.037252] (41068_ignition_bringup) StdoutLine: {'line': b'-- Installing: /home/student/RoboticsStudio1/install/41068_ignition_bringup/local/lib/python3.10/dist-packages/41068_ignition_bringup/.git/objects/f5\n'}
[6.037396] (41068_ignition_bringup) StdoutLine: {'line': b'-- Installing: /home/student/RoboticsStudio1/install/41068_ignition_bringup/local/lib/python3.10/dist-packages/41068_ignition_bringup/.git/objects/f5/bd46870961d98917b98c1f4f22a6ecae681b7b\n'}
[6.037494] (41068_ignition_bringup) StdoutLine: {'line': b'-- Installing: /home/student/RoboticsStudio1/install/41068_ignition_bringup/local/lib/python3.10/dist-packages/41068_ignition_bringup/.git/objects/b6\n'}
[6.037575] (41068_ignition_bringup) StdoutLine: {'line': b'-- Installing: /home/student/RoboticsStudio1/install/41068_ignition_bringup/local/lib/python3.10/dist-packages/41068_ignition_bringup/.git/objects/b6/de314494f2e74d31971a218644fb756a40e552\n'}
[6.037655] (41068_ignition_bringup) StdoutLine: {'line': b'-- Installing: /home/student/RoboticsStudio1/install/41068_ignition_bringup/local/lib/python3.10/dist-packages/41068_ignition_bringup/.git/objects/9d\n'}
[6.037783] (41068_ignition_bringup) StdoutLine: {'line': b'-- Installing: /home/student/RoboticsStudio1/install/41068_ignition_bringup/local/lib/python3.10/dist-packages/41068_ignition_bringup/.git/objects/9d/b28bdc3a3f930ddc761d8a813b1f285a83612b\n'}
[6.037928] (41068_ignition_bringup) StdoutLine: {'line': b'-- Installing: /home/student/RoboticsStudio1/install/41068_ignition_bringup/local/lib/python3.10/dist-packages/41068_ignition_bringup/.git/objects/35\n'}
[6.038063] (41068_ignition_bringup) StdoutLine: {'line': b'-- Installing: /home/student/RoboticsStudio1/install/41068_ignition_bringup/local/lib/python3.10/dist-packages/41068_ignition_bringup/.git/objects/35/5b26d9e811db3a852bd3ce404c4bf16af6e104\n'}
[6.038182] (41068_ignition_bringup) StdoutLine: {'line': b'-- Installing: /home/student/RoboticsStudio1/install/41068_ignition_bringup/local/lib/python3.10/dist-packages/41068_ignition_bringup/.git/objects/35/96a45f9c7ab065f2bf84764401b9fc484d9b6b\n'}
[6.038301] (41068_ignition_bringup) StdoutLine: {'line': b'-- Installing: /home/student/RoboticsStudio1/install/41068_ignition_bringup/local/lib/python3.10/dist-packages/41068_ignition_bringup/.git/objects/b2\n'}
[6.038457] (41068_ignition_bringup) StdoutLine: {'line': b'-- Installing: /home/student/RoboticsStudio1/install/41068_ignition_bringup/local/lib/python3.10/dist-packages/41068_ignition_bringup/.git/objects/b2/29749f61c5007ff9aab579484dc9ac1ebfabf4\n'}
[6.038546] (41068_ignition_bringup) StdoutLine: {'line': b'-- Installing: /home/student/RoboticsStudio1/install/41068_ignition_bringup/local/lib/python3.10/dist-packages/41068_ignition_bringup/.git/objects/b2/8f4ba95715cda78209d3332525235470bc6d2c\n'}
[6.038707] (41068_ignition_bringup) StdoutLine: {'line': b'-- Installing: /home/student/RoboticsStudio1/install/41068_ignition_bringup/local/lib/python3.10/dist-packages/41068_ignition_bringup/.git/objects/fc\n'}
[6.038790] (41068_ignition_bringup) StdoutLine: {'line': b'-- Installing: /home/student/RoboticsStudio1/install/41068_ignition_bringup/local/lib/python3.10/dist-packages/41068_ignition_bringup/.git/objects/fc/364037090d62db0fd5abd36293715c4f433226\n'}
[6.038870] (41068_ignition_bringup) StdoutLine: {'line': b'-- Installing: /home/student/RoboticsStudio1/install/41068_ignition_bringup/local/lib/python3.10/dist-packages/41068_ignition_bringup/.git/objects/39\n'}
[6.039034] (41068_ignition_bringup) StdoutLine: {'line': b'-- Installing: /home/student/RoboticsStudio1/install/41068_ignition_bringup/local/lib/python3.10/dist-packages/41068_ignition_bringup/.git/objects/39/d675a1c3bbacfb2af8ee3488fdfea8259998d5\n'}
[6.039123] (41068_ignition_bringup) StdoutLine: {'line': b'-- Installing: /home/student/RoboticsStudio1/install/41068_ignition_bringup/local/lib/python3.10/dist-packages/41068_ignition_bringup/.git/objects/9b\n'}
[6.039258] (41068_ignition_bringup) StdoutLine: {'line': b'-- Installing: /home/student/RoboticsStudio1/install/41068_ignition_bringup/local/lib/python3.10/dist-packages/41068_ignition_bringup/.git/objects/9b/f5bdcccd91b072f47ad5df87519c1149844cb3\n'}
[6.039387] (41068_ignition_bringup) StdoutLine: {'line': b'-- Installing: /home/student/RoboticsStudio1/install/41068_ignition_bringup/local/lib/python3.10/dist-packages/41068_ignition_bringup/.git/objects/16\n'}
[6.039522] (41068_ignition_bringup) StdoutLine: {'line': b'-- Installing: /home/student/RoboticsStudio1/install/41068_ignition_bringup/local/lib/python3.10/dist-packages/41068_ignition_bringup/.git/objects/16/eb391042dbf317c3e1e110b93105a76c41ad87\n'}
[6.039654] (41068_ignition_bringup) StdoutLine: {'line': b'-- Installing: /home/student/RoboticsStudio1/install/41068_ignition_bringup/local/lib/python3.10/dist-packages/41068_ignition_bringup/.git/objects/b3\n'}
[6.039711] (41068_ignition_bringup) StdoutLine: {'line': b'-- Installing: /home/student/RoboticsStudio1/install/41068_ignition_bringup/local/lib/python3.10/dist-packages/41068_ignition_bringup/.git/objects/b3/3865e4f3f98ae10701dd45e5d4e9180fe5d132\n'}
[6.039766] (41068_ignition_bringup) StdoutLine: {'line': b'-- Installing: /home/student/RoboticsStudio1/install/41068_ignition_bringup/local/lib/python3.10/dist-packages/41068_ignition_bringup/.git/objects/df\n'}
[6.039823] (41068_ignition_bringup) StdoutLine: {'line': b'-- Installing: /home/student/RoboticsStudio1/install/41068_ignition_bringup/local/lib/python3.10/dist-packages/41068_ignition_bringup/.git/objects/df/63ddd64dcc1848f571b97929615bd957673a2c\n'}
[6.039880] (41068_ignition_bringup) StdoutLine: {'line': b'-- Installing: /home/student/RoboticsStudio1/install/41068_ignition_bringup/local/lib/python3.10/dist-packages/41068_ignition_bringup/.git/objects/8f\n'}
[6.039935] (41068_ignition_bringup) StdoutLine: {'line': b'-- Installing: /home/student/RoboticsStudio1/install/41068_ignition_bringup/local/lib/python3.10/dist-packages/41068_ignition_bringup/.git/objects/8f/34f75c373aceb72b757d701ca8747467bde042\n'}
[6.040012] (41068_ignition_bringup) StdoutLine: {'line': b'-- Installing: /home/student/RoboticsStudio1/install/41068_ignition_bringup/local/lib/python3.10/dist-packages/41068_ignition_bringup/.git/objects/af\n'}
[6.040070] (41068_ignition_bringup) StdoutLine: {'line': b'-- Installing: /home/student/RoboticsStudio1/install/41068_ignition_bringup/local/lib/python3.10/dist-packages/41068_ignition_bringup/.git/objects/af/e61af5b6263cffdde8295fed8f87e0251b671b\n'}
[6.040124] (41068_ignition_bringup) StdoutLine: {'line': b'-- Installing: /home/student/RoboticsStudio1/install/41068_ignition_bringup/local/lib/python3.10/dist-packages/41068_ignition_bringup/.git/objects/8d\n'}
[6.040178] (41068_ignition_bringup) StdoutLine: {'line': b'-- Installing: /home/student/RoboticsStudio1/install/41068_ignition_bringup/local/lib/python3.10/dist-packages/41068_ignition_bringup/.git/objects/8d/b132f5d3e6455340fa47265b682715edc299df\n'}
[6.040237] (41068_ignition_bringup) StdoutLine: {'line': b'-- Installing: /home/student/RoboticsStudio1/install/41068_ignition_bringup/local/lib/python3.10/dist-packages/41068_ignition_bringup/.git/objects/0d\n'}
[6.040289] (41068_ignition_bringup) StdoutLine: {'line': b'-- Installing: /home/student/RoboticsStudio1/install/41068_ignition_bringup/local/lib/python3.10/dist-packages/41068_ignition_bringup/.git/objects/0d/4d2409ef3c75bb16c7a49a249fe8ded611c4dc\n'}
[6.040341] (41068_ignition_bringup) StdoutLine: {'line': b'-- Installing: /home/student/RoboticsStudio1/install/41068_ignition_bringup/local/lib/python3.10/dist-packages/41068_ignition_bringup/.git/objects/pack\n'}
[6.040391] (41068_ignition_bringup) StdoutLine: {'line': b'-- Installing: /home/student/RoboticsStudio1/install/41068_ignition_bringup/local/lib/python3.10/dist-packages/41068_ignition_bringup/.git/objects/pack/pack-a3027d90a51849474443e589a7a85e261d04bcb9.pack\n'}
[6.041296] (41068_ignition_bringup) StdoutLine: {'line': b'-- Installing: /home/student/RoboticsStudio1/install/41068_ignition_bringup/local/lib/python3.10/dist-packages/41068_ignition_bringup/.git/objects/pack/pack-a3027d90a51849474443e589a7a85e261d04bcb9.idx\n'}
[6.041458] (41068_ignition_bringup) StdoutLine: {'line': b'-- Installing: /home/student/RoboticsStudio1/install/41068_ignition_bringup/local/lib/python3.10/dist-packages/41068_ignition_bringup/.git/objects/d6\n'}
[6.041566] (41068_ignition_bringup) StdoutLine: {'line': b'-- Installing: /home/student/RoboticsStudio1/install/41068_ignition_bringup/local/lib/python3.10/dist-packages/41068_ignition_bringup/.git/objects/d6/7ad6383f9afce368dffe251fcc6dd05c21e705\n'}
[6.041708] (41068_ignition_bringup) StdoutLine: {'line': b'-- Installing: /home/student/RoboticsStudio1/install/41068_ignition_bringup/local/lib/python3.10/dist-packages/41068_ignition_bringup/.git/objects/4f\n'}
[6.041857] (41068_ignition_bringup) StdoutLine: {'line': b'-- Installing: /home/student/RoboticsStudio1/install/41068_ignition_bringup/local/lib/python3.10/dist-packages/41068_ignition_bringup/.git/objects/4f/607348a081597b15ec71b61bf65a2479d992d2\n'}
[6.042004] (41068_ignition_bringup) StdoutLine: {'line': b'-- Installing: /home/student/RoboticsStudio1/install/41068_ignition_bringup/local/lib/python3.10/dist-packages/41068_ignition_bringup/.git/objects/69\n'}
[6.042106] (41068_ignition_bringup) StdoutLine: {'line': b'-- Installing: /home/student/RoboticsStudio1/install/41068_ignition_bringup/local/lib/python3.10/dist-packages/41068_ignition_bringup/.git/objects/69/aa5e07d0ba8e8574a30eb697f483af1a1a0623\n'}
[6.042182] (41068_ignition_bringup) StdoutLine: {'line': b'-- Installing: /home/student/RoboticsStudio1/install/41068_ignition_bringup/local/lib/python3.10/dist-packages/41068_ignition_bringup/.git/objects/5b\n'}
[6.042312] (41068_ignition_bringup) StdoutLine: {'line': b'-- Installing: /home/student/RoboticsStudio1/install/41068_ignition_bringup/local/lib/python3.10/dist-packages/41068_ignition_bringup/.git/objects/5b/9a1941a3bbac63cf73e7018d90add8753c9dc4\n'}
[6.042443] (41068_ignition_bringup) StdoutLine: {'line': b'-- Installing: /home/student/RoboticsStudio1/install/41068_ignition_bringup/local/lib/python3.10/dist-packages/41068_ignition_bringup/.git/objects/47\n'}
[6.042565] (41068_ignition_bringup) StdoutLine: {'line': b'-- Installing: /home/student/RoboticsStudio1/install/41068_ignition_bringup/local/lib/python3.10/dist-packages/41068_ignition_bringup/.git/objects/47/9d2b45b5ac9f7659f407ee29c65b1d26f4329e\n'}
[6.042648] (41068_ignition_bringup) StdoutLine: {'line': b'-- Installing: /home/student/RoboticsStudio1/install/41068_ignition_bringup/local/lib/python3.10/dist-packages/41068_ignition_bringup/.git/objects/7d\n'}
[6.042723] (41068_ignition_bringup) StdoutLine: {'line': b'-- Installing: /home/student/RoboticsStudio1/install/41068_ignition_bringup/local/lib/python3.10/dist-packages/41068_ignition_bringup/.git/objects/7d/01ced91c621a88eabd70bcebb134b686e4ea90\n'}
[6.042801] (41068_ignition_bringup) StdoutLine: {'line': b'-- Installing: /home/student/RoboticsStudio1/install/41068_ignition_bringup/local/lib/python3.10/dist-packages/41068_ignition_bringup/.git/objects/46\n'}
[6.042967] (41068_ignition_bringup) StdoutLine: {'line': b'-- Installing: /home/student/RoboticsStudio1/install/41068_ignition_bringup/local/lib/python3.10/dist-packages/41068_ignition_bringup/.git/objects/46/c9f1d8993e3bbf4e0002bf7a7da8b69f8dd704\n'}
[6.043097] (41068_ignition_bringup) StdoutLine: {'line': b'-- Installing: /home/student/RoboticsStudio1/install/41068_ignition_bringup/local/lib/python3.10/dist-packages/41068_ignition_bringup/.git/objects/info\n'}
[6.043212] (41068_ignition_bringup) StdoutLine: {'line': b'-- Installing: /home/student/RoboticsStudio1/install/41068_ignition_bringup/local/lib/python3.10/dist-packages/41068_ignition_bringup/.git/objects/98\n'}
[6.043330] (41068_ignition_bringup) StdoutLine: {'line': b'-- Installing: /home/student/RoboticsStudio1/install/41068_ignition_bringup/local/lib/python3.10/dist-packages/41068_ignition_bringup/.git/objects/98/e780bea5c6658a172c791da7bbff27d5eb9bc7\n'}
[6.043441] (41068_ignition_bringup) StdoutLine: {'line': b'-- Installing: /home/student/RoboticsStudio1/install/41068_ignition_bringup/local/lib/python3.10/dist-packages/41068_ignition_bringup/.git/objects/d7\n'}
[6.043566] (41068_ignition_bringup) StdoutLine: {'line': b'-- Installing: /home/student/RoboticsStudio1/install/41068_ignition_bringup/local/lib/python3.10/dist-packages/41068_ignition_bringup/.git/objects/d7/226f5ca3dc0b20e2f1cbdb75c00bde0b642e99\n'}
[6.043675] (41068_ignition_bringup) StdoutLine: {'line': b'-- Installing: /home/student/RoboticsStudio1/install/41068_ignition_bringup/local/lib/python3.10/dist-packages/41068_ignition_bringup/.git/objects/d7/c8d02251a8157314e20124748ce3ab8413eac8\n'}
[6.043797] (41068_ignition_bringup) StdoutLine: {'line': b'-- Installing: /home/student/RoboticsStudio1/install/41068_ignition_bringup/local/lib/python3.10/dist-packages/41068_ignition_bringup/.git/objects/60\n'}
[6.043922] (41068_ignition_bringup) StdoutLine: {'line': b'-- Installing: /home/student/RoboticsStudio1/install/41068_ignition_bringup/local/lib/python3.10/dist-packages/41068_ignition_bringup/.git/objects/60/8262b1d3b0ce66ca36267be55ba6bac00020c3\n'}
[6.044046] (41068_ignition_bringup) StdoutLine: {'line': b'-- Installing: /home/student/RoboticsStudio1/install/41068_ignition_bringup/local/lib/python3.10/dist-packages/41068_ignition_bringup/.git/objects/a6\n'}
[6.044188] (41068_ignition_bringup) StdoutLine: {'line': b'-- Installing: /home/student/RoboticsStudio1/install/41068_ignition_bringup/local/lib/python3.10/dist-packages/41068_ignition_bringup/.git/objects/a6/2f224780b7d8ae68eecf6b725071cbcb0fcd48\n'}
[6.044307] (41068_ignition_bringup) StdoutLine: {'line': b'-- Installing: /home/student/RoboticsStudio1/install/41068_ignition_bringup/local/lib/python3.10/dist-packages/41068_ignition_bringup/.git/objects/7f\n'}
[6.044411] (41068_ignition_bringup) StdoutLine: {'line': b'-- Installing: /home/student/RoboticsStudio1/install/41068_ignition_bringup/local/lib/python3.10/dist-packages/41068_ignition_bringup/.git/objects/7f/44d7a7f8ac0d8dba7ff994fd1a6df624a8315c\n'}
[6.044524] (41068_ignition_bringup) StdoutLine: {'line': b'-- Installing: /home/student/RoboticsStudio1/install/41068_ignition_bringup/local/lib/python3.10/dist-packages/41068_ignition_bringup/.git/objects/8e\n'}
[6.044593] (41068_ignition_bringup) StdoutLine: {'line': b'-- Installing: /home/student/RoboticsStudio1/install/41068_ignition_bringup/local/lib/python3.10/dist-packages/41068_ignition_bringup/.git/objects/8e/f84c69c2bc12e5e94b1042734316c95cc332a9\n'}
[6.044711] (41068_ignition_bringup) StdoutLine: {'line': b'-- Installing: /home/student/RoboticsStudio1/install/41068_ignition_bringup/local/lib/python3.10/dist-packages/41068_ignition_bringup/.git/objects/8c\n'}
[6.044832] (41068_ignition_bringup) StdoutLine: {'line': b'-- Installing: /home/student/RoboticsStudio1/install/41068_ignition_bringup/local/lib/python3.10/dist-packages/41068_ignition_bringup/.git/objects/8c/2851ccc07c64c8251d53dcd4489813eedd968a\n'}
[6.044926] (41068_ignition_bringup) StdoutLine: {'line': b'-- Installing: /home/student/RoboticsStudio1/install/41068_ignition_bringup/local/lib/python3.10/dist-packages/41068_ignition_bringup/.git/objects/4b\n'}
[6.045079] (41068_ignition_bringup) StdoutLine: {'line': b'-- Installing: /home/student/RoboticsStudio1/install/41068_ignition_bringup/local/lib/python3.10/dist-packages/41068_ignition_bringup/.git/objects/4b/81fe39659faff958d986d55f8e7b95fb2c3bf1\n'}
[6.045179] (41068_ignition_bringup) StdoutLine: {'line': b'-- Installing: /home/student/RoboticsStudio1/install/41068_ignition_bringup/local/lib/python3.10/dist-packages/41068_ignition_bringup/.git/objects/38\n'}
[6.045289] (41068_ignition_bringup) StdoutLine: {'line': b'-- Installing: /home/student/RoboticsStudio1/install/41068_ignition_bringup/local/lib/python3.10/dist-packages/41068_ignition_bringup/.git/objects/38/e26b25d9cbc95e4c28b39e758bf31b8a9ce890\n'}
[6.045414] (41068_ignition_bringup) StdoutLine: {'line': b'-- Installing: /home/student/RoboticsStudio1/install/41068_ignition_bringup/local/lib/python3.10/dist-packages/41068_ignition_bringup/.git/objects/55\n'}
[6.045525] (41068_ignition_bringup) StdoutLine: {'line': b'-- Installing: /home/student/RoboticsStudio1/install/41068_ignition_bringup/local/lib/python3.10/dist-packages/41068_ignition_bringup/.git/objects/55/ca74f55ef961ecc091f337734bd99a1bce60f1\n'}
[6.045648] (41068_ignition_bringup) StdoutLine: {'line': b'-- Installing: /home/student/RoboticsStudio1/install/41068_ignition_bringup/local/lib/python3.10/dist-packages/41068_ignition_bringup/.git/objects/45\n'}
[6.045788] (41068_ignition_bringup) StdoutLine: {'line': b'-- Installing: /home/student/RoboticsStudio1/install/41068_ignition_bringup/local/lib/python3.10/dist-packages/41068_ignition_bringup/.git/objects/45/3f5305157a64a1e0d097df75cf187f4156e1d5\n'}
[6.046840] (41068_ignition_bringup) StdoutLine: {'line': b'-- Installing: /home/student/RoboticsStudio1/install/41068_ignition_bringup/local/lib/python3.10/dist-packages/41068_ignition_bringup/.git/objects/45/4fcc72c8f8c7eb4da140687951b31f4f0e9725\n'}
[6.047280] (41068_ignition_bringup) StdoutLine: {'line': b'-- Installing: /home/student/RoboticsStudio1/install/41068_ignition_bringup/local/lib/python3.10/dist-packages/41068_ignition_bringup/.git/objects/8b\n'}
[6.047547] (41068_ignition_bringup) StdoutLine: {'line': b'-- Installing: /home/student/RoboticsStudio1/install/41068_ignition_bringup/local/lib/python3.10/dist-packages/41068_ignition_bringup/.git/objects/8b/ac27601750e6bde18832c902f859a74343e10c\n'}
[6.047671] (41068_ignition_bringup) StdoutLine: {'line': b'-- Installing: /home/student/RoboticsStudio1/install/41068_ignition_bringup/local/lib/python3.10/dist-packages/41068_ignition_bringup/.git/objects/ad\n'}
[6.047778] (41068_ignition_bringup) StdoutLine: {'line': b'-- Installing: /home/student/RoboticsStudio1/install/41068_ignition_bringup/local/lib/python3.10/dist-packages/41068_ignition_bringup/.git/objects/ad/a6a172b1ce0c5ee11a513baedf00a61ad74d45\n'}
[6.047873] (41068_ignition_bringup) StdoutLine: {'line': b'-- Installing: /home/student/RoboticsStudio1/install/41068_ignition_bringup/local/lib/python3.10/dist-packages/41068_ignition_bringup/.git/objects/ae\n'}
[6.047984] (41068_ignition_bringup) StdoutLine: {'line': b'-- Installing: /home/student/RoboticsStudio1/install/41068_ignition_bringup/local/lib/python3.10/dist-packages/41068_ignition_bringup/.git/objects/ae/3c7dc93e4237e742905e68af652c17936d39af\n'}
[6.048094] (41068_ignition_bringup) StdoutLine: {'line': b'-- Installing: /home/student/RoboticsStudio1/install/41068_ignition_bringup/local/lib/python3.10/dist-packages/41068_ignition_bringup/.git/objects/c1\n'}
[6.048157] (41068_ignition_bringup) StdoutLine: {'line': b'-- Installing: /home/student/RoboticsStudio1/install/41068_ignition_bringup/local/lib/python3.10/dist-packages/41068_ignition_bringup/.git/objects/c1/138f077fbed909f984ed2cc937eedd7b06903b\n'}
[6.048284] (41068_ignition_bringup) StdoutLine: {'line': b'-- Installing: /home/student/RoboticsStudio1/install/41068_ignition_bringup/local/lib/python3.10/dist-packages/41068_ignition_bringup/.git/objects/74\n'}
[6.048397] (41068_ignition_bringup) StdoutLine: {'line': b'-- Installing: /home/student/RoboticsStudio1/install/41068_ignition_bringup/local/lib/python3.10/dist-packages/41068_ignition_bringup/.git/objects/74/033f4b27c89cb325f610322691f379b7babbfb\n'}
[6.048498] (41068_ignition_bringup) StdoutLine: {'line': b'-- Installing: /home/student/RoboticsStudio1/install/41068_ignition_bringup/local/lib/python3.10/dist-packages/41068_ignition_bringup/.git/objects/50\n'}
[6.048564] (41068_ignition_bringup) StdoutLine: {'line': b'-- Installing: /home/student/RoboticsStudio1/install/41068_ignition_bringup/local/lib/python3.10/dist-packages/41068_ignition_bringup/.git/objects/50/4d97d511eee94597d2ce56323720978caca928\n'}
[6.048682] (41068_ignition_bringup) StdoutLine: {'line': b'-- Installing: /home/student/RoboticsStudio1/install/41068_ignition_bringup/local/lib/python3.10/dist-packages/41068_ignition_bringup/.git/objects/fd\n'}
[6.048786] (41068_ignition_bringup) StdoutLine: {'line': b'-- Installing: /home/student/RoboticsStudio1/install/41068_ignition_bringup/local/lib/python3.10/dist-packages/41068_ignition_bringup/.git/objects/fd/fd7a96040c34a8710e8f5242d400f53b203b4f\n'}
[6.048893] (41068_ignition_bringup) StdoutLine: {'line': b'-- Installing: /home/student/RoboticsStudio1/install/41068_ignition_bringup/local/lib/python3.10/dist-packages/41068_ignition_bringup/.git/objects/3a\n'}
[6.048965] (41068_ignition_bringup) StdoutLine: {'line': b'-- Installing: /home/student/RoboticsStudio1/install/41068_ignition_bringup/local/lib/python3.10/dist-packages/41068_ignition_bringup/.git/objects/3a/2cd54c4d5d2f62f323212f6b049cc6de2a68ba\n'}
[6.049102] (41068_ignition_bringup) StdoutLine: {'line': b'-- Installing: /home/student/RoboticsStudio1/install/41068_ignition_bringup/local/lib/python3.10/dist-packages/41068_ignition_bringup/.git/objects/34\n'}
[6.049169] (41068_ignition_bringup) StdoutLine: {'line': b'-- Installing: /home/student/RoboticsStudio1/install/41068_ignition_bringup/local/lib/python3.10/dist-packages/41068_ignition_bringup/.git/objects/34/3078f7ac250492a6b9366f9cacd91ca0ebb69a\n'}
[6.049266] (41068_ignition_bringup) StdoutLine: {'line': b'-- Installing: /home/student/RoboticsStudio1/install/41068_ignition_bringup/local/lib/python3.10/dist-packages/41068_ignition_bringup/.git/objects/b8\n'}
[6.049325] (41068_ignition_bringup) StdoutLine: {'line': b'-- Installing: /home/student/RoboticsStudio1/install/41068_ignition_bringup/local/lib/python3.10/dist-packages/41068_ignition_bringup/.git/objects/b8/58a780ec178fb20390efa2f377c7c3e78a584a\n'}
[6.049431] (41068_ignition_bringup) StdoutLine: {'line': b'-- Installing: /home/student/RoboticsStudio1/install/41068_ignition_bringup/local/lib/python3.10/dist-packages/41068_ignition_bringup/.git/objects/15\n'}
[6.049501] (41068_ignition_bringup) StdoutLine: {'line': b'-- Installing: /home/student/RoboticsStudio1/install/41068_ignition_bringup/local/lib/python3.10/dist-packages/41068_ignition_bringup/.git/objects/15/0d64aa2c3bf8a7b601d01160c1c796aeb56880\n'}
[6.049612] (41068_ignition_bringup) StdoutLine: {'line': b'-- Installing: /home/student/RoboticsStudio1/install/41068_ignition_bringup/local/lib/python3.10/dist-packages/41068_ignition_bringup/.git/objects/cc\n'}
[6.049701] (41068_ignition_bringup) StdoutLine: {'line': b'-- Installing: /home/student/RoboticsStudio1/install/41068_ignition_bringup/local/lib/python3.10/dist-packages/41068_ignition_bringup/.git/objects/cc/26da5a40f6ad01f772eeda6b34ac60d796609e\n'}
[6.049759] (41068_ignition_bringup) StdoutLine: {'line': b'-- Installing: /home/student/RoboticsStudio1/install/41068_ignition_bringup/local/lib/python3.10/dist-packages/41068_ignition_bringup/.git/objects/9c\n'}
[6.049865] (41068_ignition_bringup) StdoutLine: {'line': b'-- Installing: /home/student/RoboticsStudio1/install/41068_ignition_bringup/local/lib/python3.10/dist-packages/41068_ignition_bringup/.git/objects/9c/438f773020d3e1774eca41879b281e992b4b23\n'}
[6.049929] (41068_ignition_bringup) StdoutLine: {'line': b'-- Installing: /home/student/RoboticsStudio1/install/41068_ignition_bringup/local/lib/python3.10/dist-packages/41068_ignition_bringup/.git/objects/84\n'}
[6.050032] (41068_ignition_bringup) StdoutLine: {'line': b'-- Installing: /home/student/RoboticsStudio1/install/41068_ignition_bringup/local/lib/python3.10/dist-packages/41068_ignition_bringup/.git/objects/84/594c8e943a71dfb3fc9b4aa173aa256bb4eabe\n'}
[6.050154] (41068_ignition_bringup) StdoutLine: {'line': b'-- Installing: /home/student/RoboticsStudio1/install/41068_ignition_bringup/local/lib/python3.10/dist-packages/41068_ignition_bringup/.git/objects/ce\n'}
[6.050219] (41068_ignition_bringup) StdoutLine: {'line': b'-- Installing: /home/student/RoboticsStudio1/install/41068_ignition_bringup/local/lib/python3.10/dist-packages/41068_ignition_bringup/.git/objects/ce/5b57f0a67d771e5cdd5f6b80094eb7b3c73875\n'}
[6.050325] (41068_ignition_bringup) StdoutLine: {'line': b'-- Installing: /home/student/RoboticsStudio1/install/41068_ignition_bringup/local/lib/python3.10/dist-packages/41068_ignition_bringup/.git/objects/f8\n'}
[6.050390] (41068_ignition_bringup) StdoutLine: {'line': b'-- Installing: /home/student/RoboticsStudio1/install/41068_ignition_bringup/local/lib/python3.10/dist-packages/41068_ignition_bringup/.git/objects/f8/cfaed944d441695c9b636ccf3633f9e7cf2fda\n'}
[6.050532] (41068_ignition_bringup) StdoutLine: {'line': b'-- Installing: /home/student/RoboticsStudio1/install/41068_ignition_bringup/local/lib/python3.10/dist-packages/41068_ignition_bringup/.git/objects/5e\n'}
[6.050599] (41068_ignition_bringup) StdoutLine: {'line': b'-- Installing: /home/student/RoboticsStudio1/install/41068_ignition_bringup/local/lib/python3.10/dist-packages/41068_ignition_bringup/.git/objects/5e/c8c2b17e01bdd16874148e2d6c3ba6d221b1e8\n'}
[6.050703] (41068_ignition_bringup) StdoutLine: {'line': b'-- Installing: /home/student/RoboticsStudio1/install/41068_ignition_bringup/local/lib/python3.10/dist-packages/41068_ignition_bringup/.git/objects/09\n'}
[6.050772] (41068_ignition_bringup) StdoutLine: {'line': b'-- Installing: /home/student/RoboticsStudio1/install/41068_ignition_bringup/local/lib/python3.10/dist-packages/41068_ignition_bringup/.git/objects/09/0f12f1ec94119ed1a8537c0153e5d0472aa053\n'}
[6.050882] (41068_ignition_bringup) StdoutLine: {'line': b'-- Installing: /home/student/RoboticsStudio1/install/41068_ignition_bringup/local/lib/python3.10/dist-packages/41068_ignition_bringup/.git/objects/7c\n'}
[6.050952] (41068_ignition_bringup) StdoutLine: {'line': b'-- Installing: /home/student/RoboticsStudio1/install/41068_ignition_bringup/local/lib/python3.10/dist-packages/41068_ignition_bringup/.git/objects/7c/1f549a472349255884ce7054c21c8cec985bfb\n'}
[6.051067] (41068_ignition_bringup) StdoutLine: {'line': b'-- Installing: /home/student/RoboticsStudio1/install/41068_ignition_bringup/local/lib/python3.10/dist-packages/41068_ignition_bringup/.git/objects/37\n'}
[6.051127] (41068_ignition_bringup) StdoutLine: {'line': b'-- Installing: /home/student/RoboticsStudio1/install/41068_ignition_bringup/local/lib/python3.10/dist-packages/41068_ignition_bringup/.git/objects/37/a339558d1379a590b44d3eb77e5d66b38d6d38\n'}
[6.051230] (41068_ignition_bringup) StdoutLine: {'line': b'-- Installing: /home/student/RoboticsStudio1/install/41068_ignition_bringup/local/lib/python3.10/dist-packages/41068_ignition_bringup/.git/objects/37/295d954fb3141d20a099445091e25296b100ac\n'}
[6.051290] (41068_ignition_bringup) StdoutLine: {'line': b'-- Installing: /home/student/RoboticsStudio1/install/41068_ignition_bringup/local/lib/python3.10/dist-packages/41068_ignition_bringup/.git/objects/01\n'}
[6.051352] (41068_ignition_bringup) StdoutLine: {'line': b'-- Installing: /home/student/RoboticsStudio1/install/41068_ignition_bringup/local/lib/python3.10/dist-packages/41068_ignition_bringup/.git/objects/01/dbccb2151c972c2c2f10302e1d58812cc1b5e6\n'}
[6.051416] (41068_ignition_bringup) StdoutLine: {'line': b'-- Installing: /home/student/RoboticsStudio1/install/41068_ignition_bringup/local/lib/python3.10/dist-packages/41068_ignition_bringup/.git/objects/73\n'}
[6.051533] (41068_ignition_bringup) StdoutLine: {'line': b'-- Installing: /home/student/RoboticsStudio1/install/41068_ignition_bringup/local/lib/python3.10/dist-packages/41068_ignition_bringup/.git/objects/73/f00f27123ba4b5d8e382211a576c8233a4a78b\n'}
[6.051636] (41068_ignition_bringup) StdoutLine: {'line': b'-- Installing: /home/student/RoboticsStudio1/install/41068_ignition_bringup/local/lib/python3.10/dist-packages/41068_ignition_bringup/.git/objects/da\n'}
[6.051735] (41068_ignition_bringup) StdoutLine: {'line': b'-- Installing: /home/student/RoboticsStudio1/install/41068_ignition_bringup/local/lib/python3.10/dist-packages/41068_ignition_bringup/.git/objects/da/e0030c9223d50487ed42eb5bd83d01bacb29e3\n'}
[6.051861] (41068_ignition_bringup) StdoutLine: {'line': b'-- Installing: /home/student/RoboticsStudio1/install/41068_ignition_bringup/local/lib/python3.10/dist-packages/41068_ignition_bringup/.git/objects/0c\n'}
[6.051986] (41068_ignition_bringup) StdoutLine: {'line': b'-- Installing: /home/student/RoboticsStudio1/install/41068_ignition_bringup/local/lib/python3.10/dist-packages/41068_ignition_bringup/.git/objects/0c/803d83e2f09bc788c476dc3d271f31fe01a398\n'}
[6.052090] (41068_ignition_bringup) StdoutLine: {'line': b'-- Installing: /home/student/RoboticsStudio1/install/41068_ignition_bringup/local/lib/python3.10/dist-packages/41068_ignition_bringup/.git/objects/40\n'}
[6.052181] (41068_ignition_bringup) StdoutLine: {'line': b'-- Installing: /home/student/RoboticsStudio1/install/41068_ignition_bringup/local/lib/python3.10/dist-packages/41068_ignition_bringup/.git/objects/40/474e7ccdec6ee3a0b1db859302632467f5a841\n'}
[6.052335] (41068_ignition_bringup) StdoutLine: {'line': b'-- Installing: /home/student/RoboticsStudio1/install/41068_ignition_bringup/local/lib/python3.10/dist-packages/41068_ignition_bringup/.git/objects/d8\n'}
[6.052425] (41068_ignition_bringup) StdoutLine: {'line': b'-- Installing: /home/student/RoboticsStudio1/install/41068_ignition_bringup/local/lib/python3.10/dist-packages/41068_ignition_bringup/.git/objects/d8/0458931e39dbd9ed43b99becbdeb690782e9ba\n'}
[6.052524] (41068_ignition_bringup) StdoutLine: {'line': b'-- Installing: /home/student/RoboticsStudio1/install/41068_ignition_bringup/local/lib/python3.10/dist-packages/41068_ignition_bringup/.git/objects/27\n'}
[6.052706] (41068_ignition_bringup) StdoutLine: {'line': b'-- Installing: /home/student/RoboticsStudio1/install/41068_ignition_bringup/local/lib/python3.10/dist-packages/41068_ignition_bringup/.git/objects/27/7d84a14c5ed09cc75fa0bb4721562ca6873c25\n'}
[6.052872] (41068_ignition_bringup) StdoutLine: {'line': b'-- Installing: /home/student/RoboticsStudio1/install/41068_ignition_bringup/local/lib/python3.10/dist-packages/41068_ignition_bringup/.git/objects/9f\n'}
[6.053048] (41068_ignition_bringup) StdoutLine: {'line': b'-- Installing: /home/student/RoboticsStudio1/install/41068_ignition_bringup/local/lib/python3.10/dist-packages/41068_ignition_bringup/.git/objects/9f/489dc8bc662430a770742e8cfea5d30151f773\n'}
[6.053226] (41068_ignition_bringup) StdoutLine: {'line': b'-- Installing: /home/student/RoboticsStudio1/install/41068_ignition_bringup/local/lib/python3.10/dist-packages/41068_ignition_bringup/.git/objects/a4\n'}
[6.053312] (41068_ignition_bringup) StdoutLine: {'line': b'-- Installing: /home/student/RoboticsStudio1/install/41068_ignition_bringup/local/lib/python3.10/dist-packages/41068_ignition_bringup/.git/objects/a4/a914cba7c10b0ff587b644fa99e988afef5668\n'}
[6.053454] (41068_ignition_bringup) StdoutLine: {'line': b'-- Installing: /home/student/RoboticsStudio1/install/41068_ignition_bringup/local/lib/python3.10/dist-packages/41068_ignition_bringup/.git/objects/d3\n'}
[6.053612] (41068_ignition_bringup) StdoutLine: {'line': b'-- Installing: /home/student/RoboticsStudio1/install/41068_ignition_bringup/local/lib/python3.10/dist-packages/41068_ignition_bringup/.git/objects/d3/487f9f8a9ef8bc265f5cc8e9a9e667bb77e165\n'}
[6.053692] (41068_ignition_bringup) StdoutLine: {'line': b'-- Installing: /home/student/RoboticsStudio1/install/41068_ignition_bringup/local/lib/python3.10/dist-packages/41068_ignition_bringup/.git/objects/d0\n'}
[6.053766] (41068_ignition_bringup) StdoutLine: {'line': b'-- Installing: /home/student/RoboticsStudio1/install/41068_ignition_bringup/local/lib/python3.10/dist-packages/41068_ignition_bringup/.git/objects/d0/0699b0bf77953ca7be3bc4ed8b2c9757a42282\n'}
[6.053841] (41068_ignition_bringup) StdoutLine: {'line': b'-- Installing: /home/student/RoboticsStudio1/install/41068_ignition_bringup/local/lib/python3.10/dist-packages/41068_ignition_bringup/.git/objects/05\n'}
[6.053919] (41068_ignition_bringup) StdoutLine: {'line': b'-- Installing: /home/student/RoboticsStudio1/install/41068_ignition_bringup/local/lib/python3.10/dist-packages/41068_ignition_bringup/.git/objects/05/404129f84de0f6a71237f7424f8c9489deeec6\n'}
[6.054024] (41068_ignition_bringup) StdoutLine: {'line': b'-- Installing: /home/student/RoboticsStudio1/install/41068_ignition_bringup/local/lib/python3.10/dist-packages/41068_ignition_bringup/.git/objects/d1\n'}
[6.054109] (41068_ignition_bringup) StdoutLine: {'line': b'-- Installing: /home/student/RoboticsStudio1/install/41068_ignition_bringup/local/lib/python3.10/dist-packages/41068_ignition_bringup/.git/objects/d1/c69407699cbdb96c894376c11aee0e17b136cd\n'}
[6.054190] (41068_ignition_bringup) StdoutLine: {'line': b'-- Installing: /home/student/RoboticsStudio1/install/41068_ignition_bringup/local/lib/python3.10/dist-packages/41068_ignition_bringup/.git/objects/7e\n'}
[6.054254] (41068_ignition_bringup) StdoutLine: {'line': b'-- Installing: /home/student/RoboticsStudio1/install/41068_ignition_bringup/local/lib/python3.10/dist-packages/41068_ignition_bringup/.git/objects/7e/785272fef4718b801fd79db04b5f267e435f0b\n'}
[6.054306] (41068_ignition_bringup) StdoutLine: {'line': b'-- Installing: /home/student/RoboticsStudio1/install/41068_ignition_bringup/local/lib/python3.10/dist-packages/41068_ignition_bringup/.git/objects/7e/b3e7a7f3fa57ac294a6cc147d9a6127aeaabc0\n'}
[6.054357] (41068_ignition_bringup) StdoutLine: {'line': b'-- Installing: /home/student/RoboticsStudio1/install/41068_ignition_bringup/local/lib/python3.10/dist-packages/41068_ignition_bringup/.git/branches\n'}
[6.054409] (41068_ignition_bringup) StdoutLine: {'line': b'-- Installing: /home/student/RoboticsStudio1/install/41068_ignition_bringup/local/lib/python3.10/dist-packages/41068_ignition_bringup/.git/refs\n'}
[6.054463] (41068_ignition_bringup) StdoutLine: {'line': b'-- Installing: /home/student/RoboticsStudio1/install/41068_ignition_bringup/local/lib/python3.10/dist-packages/41068_ignition_bringup/.git/refs/tags\n'}
[6.054517] (41068_ignition_bringup) StdoutLine: {'line': b'-- Installing: /home/student/RoboticsStudio1/install/41068_ignition_bringup/local/lib/python3.10/dist-packages/41068_ignition_bringup/.git/refs/heads\n'}
[6.054569] (41068_ignition_bringup) StdoutLine: {'line': b'-- Installing: /home/student/RoboticsStudio1/install/41068_ignition_bringup/local/lib/python3.10/dist-packages/41068_ignition_bringup/.git/refs/heads/graeme\n'}
[6.054620] (41068_ignition_bringup) StdoutLine: {'line': b'-- Installing: /home/student/RoboticsStudio1/install/41068_ignition_bringup/local/lib/python3.10/dist-packages/41068_ignition_bringup/.git/refs/heads/graeme/initial_edits\n'}
[6.054672] (41068_ignition_bringup) StdoutLine: {'line': b'-- Installing: /home/student/RoboticsStudio1/install/41068_ignition_bringup/local/lib/python3.10/dist-packages/41068_ignition_bringup/.git/refs/heads/main\n'}
[6.054726] (41068_ignition_bringup) StdoutLine: {'line': b'-- Installing: /home/student/RoboticsStudio1/install/41068_ignition_bringup/local/lib/python3.10/dist-packages/41068_ignition_bringup/.git/refs/remotes\n'}
[6.054779] (41068_ignition_bringup) StdoutLine: {'line': b'-- Installing: /home/student/RoboticsStudio1/install/41068_ignition_bringup/local/lib/python3.10/dist-packages/41068_ignition_bringup/.git/refs/remotes/origin\n'}
[6.054832] (41068_ignition_bringup) StdoutLine: {'line': b'-- Installing: /home/student/RoboticsStudio1/install/41068_ignition_bringup/local/lib/python3.10/dist-packages/41068_ignition_bringup/.git/refs/remotes/origin/HEAD\n'}
[6.054882] (41068_ignition_bringup) StdoutLine: {'line': b'-- Installing: /home/student/RoboticsStudio1/install/41068_ignition_bringup/local/lib/python3.10/dist-packages/41068_ignition_bringup/.git/refs/remotes/origin/graeme\n'}
[6.054960] (41068_ignition_bringup) StdoutLine: {'line': b'-- Installing: /home/student/RoboticsStudio1/install/41068_ignition_bringup/local/lib/python3.10/dist-packages/41068_ignition_bringup/.git/refs/remotes/origin/graeme/initial_edits\n'}
[6.055024] (41068_ignition_bringup) StdoutLine: {'line': b'-- Installing: /home/student/RoboticsStudio1/install/41068_ignition_bringup/local/lib/python3.10/dist-packages/41068_ignition_bringup/.git/lfs\n'}
[6.055076] (41068_ignition_bringup) StdoutLine: {'line': b'-- Installing: /home/student/RoboticsStudio1/install/41068_ignition_bringup/local/lib/python3.10/dist-packages/41068_ignition_bringup/.git/lfs/incomplete\n'}
[6.055138] (41068_ignition_bringup) StdoutLine: {'line': b'-- Installing: /home/student/RoboticsStudio1/install/41068_ignition_bringup/local/lib/python3.10/dist-packages/41068_ignition_bringup/.git/lfs/cache\n'}
[6.055192] (41068_ignition_bringup) StdoutLine: {'line': b'-- Installing: /home/student/RoboticsStudio1/install/41068_ignition_bringup/local/lib/python3.10/dist-packages/41068_ignition_bringup/.git/lfs/cache/locks\n'}
[6.055246] (41068_ignition_bringup) StdoutLine: {'line': b'-- Installing: /home/student/RoboticsStudio1/install/41068_ignition_bringup/local/lib/python3.10/dist-packages/41068_ignition_bringup/.git/lfs/cache/locks/refs\n'}
[6.055314] (41068_ignition_bringup) StdoutLine: {'line': b'-- Installing: /home/student/RoboticsStudio1/install/41068_ignition_bringup/local/lib/python3.10/dist-packages/41068_ignition_bringup/.git/lfs/cache/locks/refs/heads\n'}
[6.055367] (41068_ignition_bringup) StdoutLine: {'line': b'-- Installing: /home/student/RoboticsStudio1/install/41068_ignition_bringup/local/lib/python3.10/dist-packages/41068_ignition_bringup/.git/lfs/cache/locks/refs/heads/graeme\n'}
[6.055438] (41068_ignition_bringup) StdoutLine: {'line': b'-- Installing: /home/student/RoboticsStudio1/install/41068_ignition_bringup/local/lib/python3.10/dist-packages/41068_ignition_bringup/.git/lfs/cache/locks/refs/heads/graeme/initial_edits\n'}
[6.055497] (41068_ignition_bringup) StdoutLine: {'line': b'-- Installing: /home/student/RoboticsStudio1/install/41068_ignition_bringup/local/lib/python3.10/dist-packages/41068_ignition_bringup/.git/lfs/cache/locks/refs/heads/graeme/initial_edits/verifiable\n'}
[6.055550] (41068_ignition_bringup) StdoutLine: {'line': b'-- Installing: /home/student/RoboticsStudio1/install/41068_ignition_bringup/local/lib/python3.10/dist-packages/41068_ignition_bringup/.git/lfs/objects\n'}
[6.055603] (41068_ignition_bringup) StdoutLine: {'line': b'-- Installing: /home/student/RoboticsStudio1/install/41068_ignition_bringup/local/lib/python3.10/dist-packages/41068_ignition_bringup/.git/lfs/objects/31\n'}
[6.055660] (41068_ignition_bringup) StdoutLine: {'line': b'-- Installing: /home/student/RoboticsStudio1/install/41068_ignition_bringup/local/lib/python3.10/dist-packages/41068_ignition_bringup/.git/lfs/objects/31/24\n'}
[6.055713] (41068_ignition_bringup) StdoutLine: {'line': b'-- Installing: /home/student/RoboticsStudio1/install/41068_ignition_bringup/local/lib/python3.10/dist-packages/41068_ignition_bringup/.git/lfs/objects/31/24/312462cd8479bbc924682a5dd44cc230b83bf7cd8a7666e2986174d3ec3bd413\n'}
[6.057454] (41068_ignition_bringup) StdoutLine: {'line': b'-- Installing: /home/student/RoboticsStudio1/install/41068_ignition_bringup/local/lib/python3.10/dist-packages/41068_ignition_bringup/.git/lfs/objects/02\n'}
[6.057582] (41068_ignition_bringup) StdoutLine: {'line': b'-- Installing: /home/student/RoboticsStudio1/install/41068_ignition_bringup/local/lib/python3.10/dist-packages/41068_ignition_bringup/.git/lfs/objects/02/dd\n'}
[6.057638] (41068_ignition_bringup) StdoutLine: {'line': b'-- Installing: /home/student/RoboticsStudio1/install/41068_ignition_bringup/local/lib/python3.10/dist-packages/41068_ignition_bringup/.git/lfs/objects/02/dd/02dd524f9567219f45f55403cf2266e950c586071405e6f823b3cb5e2b37316b\n'}
[6.061362] (41068_ignition_bringup) StdoutLine: {'line': b'-- Installing: /home/student/RoboticsStudio1/install/41068_ignition_bringup/local/lib/python3.10/dist-packages/41068_ignition_bringup/.git/lfs/objects/e6\n'}
[6.061500] (41068_ignition_bringup) StdoutLine: {'line': b'-- Installing: /home/student/RoboticsStudio1/install/41068_ignition_bringup/local/lib/python3.10/dist-packages/41068_ignition_bringup/.git/lfs/objects/e6/9c\n'}
[6.061583] (41068_ignition_bringup) StdoutLine: {'line': b'-- Installing: /home/student/RoboticsStudio1/install/41068_ignition_bringup/local/lib/python3.10/dist-packages/41068_ignition_bringup/.git/lfs/objects/e6/9c/e69c6777dce01975de4efd151a77010cb4fcdabd32f93e53991747918a63fd39\n'}
[6.069683] (41068_ignition_bringup) StdoutLine: {'line': b'-- Installing: /home/student/RoboticsStudio1/install/41068_ignition_bringup/local/lib/python3.10/dist-packages/41068_ignition_bringup/.git/lfs/objects/03\n'}
[6.069823] (41068_ignition_bringup) StdoutLine: {'line': b'-- Installing: /home/student/RoboticsStudio1/install/41068_ignition_bringup/local/lib/python3.10/dist-packages/41068_ignition_bringup/.git/lfs/objects/03/e1\n'}
[6.069885] (41068_ignition_bringup) StdoutLine: {'line': b'-- Installing: /home/student/RoboticsStudio1/install/41068_ignition_bringup/local/lib/python3.10/dist-packages/41068_ignition_bringup/.git/lfs/objects/03/e1/03e1f38dcd2408d9a81d625139a60e1ff2724d7afb99beb5b50e013b1f349120\n'}
[6.074401] (41068_ignition_bringup) StdoutLine: {'line': b'-- Installing: /home/student/RoboticsStudio1/install/41068_ignition_bringup/local/lib/python3.10/dist-packages/41068_ignition_bringup/.git/lfs/objects/df\n'}
[6.074587] (41068_ignition_bringup) StdoutLine: {'line': b'-- Installing: /home/student/RoboticsStudio1/install/41068_ignition_bringup/local/lib/python3.10/dist-packages/41068_ignition_bringup/.git/lfs/objects/df/56\n'}
[6.074721] (41068_ignition_bringup) StdoutLine: {'line': b'-- Installing: /home/student/RoboticsStudio1/install/41068_ignition_bringup/local/lib/python3.10/dist-packages/41068_ignition_bringup/.git/lfs/objects/df/56/df568c15c420a99c31f65c09cff20f9b65dc97bd9f8b81ffa9e06a4b24fe09de\n'}
[6.077907] (41068_ignition_bringup) StdoutLine: {'line': b'-- Installing: /home/student/RoboticsStudio1/install/41068_ignition_bringup/local/lib/python3.10/dist-packages/41068_ignition_bringup/.git/lfs/objects/17\n'}
[6.078074] (41068_ignition_bringup) StdoutLine: {'line': b'-- Installing: /home/student/RoboticsStudio1/install/41068_ignition_bringup/local/lib/python3.10/dist-packages/41068_ignition_bringup/.git/lfs/objects/17/98\n'}
[6.078223] (41068_ignition_bringup) StdoutLine: {'line': b'-- Installing: /home/student/RoboticsStudio1/install/41068_ignition_bringup/local/lib/python3.10/dist-packages/41068_ignition_bringup/.git/lfs/objects/17/98/1798719c1793f05bb7266d1dba76d63a766fe710605d71469339c739ff4e04fe\n'}
[6.078340] (41068_ignition_bringup) StdoutLine: {'line': b'-- Installing: /home/student/RoboticsStudio1/install/41068_ignition_bringup/local/lib/python3.10/dist-packages/41068_ignition_bringup/.git/lfs/objects/58\n'}
[6.078472] (41068_ignition_bringup) StdoutLine: {'line': b'-- Installing: /home/student/RoboticsStudio1/install/41068_ignition_bringup/local/lib/python3.10/dist-packages/41068_ignition_bringup/.git/lfs/objects/58/15\n'}
[6.078571] (41068_ignition_bringup) StdoutLine: {'line': b'-- Installing: /home/student/RoboticsStudio1/install/41068_ignition_bringup/local/lib/python3.10/dist-packages/41068_ignition_bringup/.git/lfs/objects/58/15/58156844084845d8ac144ff14ba619dd17613580963b4195e2154037ec61c4a4\n'}
[6.081657] (41068_ignition_bringup) StdoutLine: {'line': b'-- Installing: /home/student/RoboticsStudio1/install/41068_ignition_bringup/local/lib/python3.10/dist-packages/41068_ignition_bringup/.git/lfs/tmp\n'}
[6.081849] (41068_ignition_bringup) StdoutLine: {'line': b'-- Installing: /home/student/RoboticsStudio1/install/41068_ignition_bringup/local/lib/python3.10/dist-packages/41068_ignition_bringup/urdf\n'}
[6.081985] (41068_ignition_bringup) StdoutLine: {'line': b'-- Installing: /home/student/RoboticsStudio1/install/41068_ignition_bringup/local/lib/python3.10/dist-packages/41068_ignition_bringup/urdf/common_properties.urdf.xacro\n'}
[6.082066] (41068_ignition_bringup) StdoutLine: {'line': b'-- Installing: /home/student/RoboticsStudio1/install/41068_ignition_bringup/local/lib/python3.10/dist-packages/41068_ignition_bringup/urdf/meshes\n'}
[6.082142] (41068_ignition_bringup) StdoutLine: {'line': b'-- Installing: /home/student/RoboticsStudio1/install/41068_ignition_bringup/local/lib/python3.10/dist-packages/41068_ignition_bringup/urdf/meshes/top_plate.dae\n'}
[6.082252] (41068_ignition_bringup) StdoutLine: {'line': b'-- Installing: /home/student/RoboticsStudio1/install/41068_ignition_bringup/local/lib/python3.10/dist-packages/41068_ignition_bringup/urdf/meshes/bumper.dae\n'}
[6.082400] (41068_ignition_bringup) StdoutLine: {'line': b'-- Installing: /home/student/RoboticsStudio1/install/41068_ignition_bringup/local/lib/python3.10/dist-packages/41068_ignition_bringup/urdf/meshes/base_link.dae\n'}
[6.083191] (41068_ignition_bringup) StdoutLine: {'line': b'-- Installing: /home/student/RoboticsStudio1/install/41068_ignition_bringup/local/lib/python3.10/dist-packages/41068_ignition_bringup/urdf/meshes/jpl04_arch_nosensor.stl\n'}
[6.083551] (41068_ignition_bringup) StdoutLine: {'line': b'-- Installing: /home/student/RoboticsStudio1/install/41068_ignition_bringup/local/lib/python3.10/dist-packages/41068_ignition_bringup/urdf/meshes/top_chassis.dae\n'}
[6.085431] (41068_ignition_bringup) StdoutLine: {'line': b'-- Installing: /home/student/RoboticsStudio1/install/41068_ignition_bringup/local/lib/python3.10/dist-packages/41068_ignition_bringup/urdf/meshes/wheel.dae\n'}
[6.088425] (41068_ignition_bringup) StdoutLine: {'line': b'-- Installing: /home/student/RoboticsStudio1/install/41068_ignition_bringup/local/lib/python3.10/dist-packages/41068_ignition_bringup/urdf/wheel.urdf.xacro\n'}
[6.088617] (41068_ignition_bringup) StdoutLine: {'line': b'-- Installing: /home/student/RoboticsStudio1/install/41068_ignition_bringup/local/lib/python3.10/dist-packages/41068_ignition_bringup/urdf/husky.urdf.xacro\n'}
[6.088698] (41068_ignition_bringup) StdoutLine: {'line': b'-- Installing: /home/student/RoboticsStudio1/install/41068_ignition_bringup/local/lib/python3.10/dist-packages/41068_ignition_bringup/urdf/husky.gazebo.xacro\n'}
[6.117738] (-) TimerEvent: {}
[6.130271] (41068_ignition_bringup) StdoutLine: {'line': b"Listing '/home/student/RoboticsStudio1/install/41068_ignition_bringup/local/lib/python3.10/dist-packages/41068_ignition_bringup'...\n"}
[6.130718] (41068_ignition_bringup) StdoutLine: {'line': b"Listing '/home/student/RoboticsStudio1/install/41068_ignition_bringup/local/lib/python3.10/dist-packages/41068_ignition_bringup/.git'...\n"}
[6.130801] (41068_ignition_bringup) StdoutLine: {'line': b"Listing '/home/student/RoboticsStudio1/install/41068_ignition_bringup/local/lib/python3.10/dist-packages/41068_ignition_bringup/.git/branches'...\n"}
[6.130868] (41068_ignition_bringup) StdoutLine: {'line': b"Listing '/home/student/RoboticsStudio1/install/41068_ignition_bringup/local/lib/python3.10/dist-packages/41068_ignition_bringup/.git/hooks'...\n"}
[6.130932] (41068_ignition_bringup) StdoutLine: {'line': b"Listing '/home/student/RoboticsStudio1/install/41068_ignition_bringup/local/lib/python3.10/dist-packages/41068_ignition_bringup/.git/info'...\n"}
[6.131024] (41068_ignition_bringup) StdoutLine: {'line': b"Listing '/home/student/RoboticsStudio1/install/41068_ignition_bringup/local/lib/python3.10/dist-packages/41068_ignition_bringup/.git/lfs'...\n"}
[6.131088] (41068_ignition_bringup) StdoutLine: {'line': b"Listing '/home/student/RoboticsStudio1/install/41068_ignition_bringup/local/lib/python3.10/dist-packages/41068_ignition_bringup/.git/lfs/cache'...\n"}
[6.131154] (41068_ignition_bringup) StdoutLine: {'line': b"Listing '/home/student/RoboticsStudio1/install/41068_ignition_bringup/local/lib/python3.10/dist-packages/41068_ignition_bringup/.git/lfs/cache/locks'...\n"}
[6.131214] (41068_ignition_bringup) StdoutLine: {'line': b"Listing '/home/student/RoboticsStudio1/install/41068_ignition_bringup/local/lib/python3.10/dist-packages/41068_ignition_bringup/.git/lfs/cache/locks/refs'...\n"}
[6.131275] (41068_ignition_bringup) StdoutLine: {'line': b"Listing '/home/student/RoboticsStudio1/install/41068_ignition_bringup/local/lib/python3.10/dist-packages/41068_ignition_bringup/.git/lfs/cache/locks/refs/heads'...\n"}
[6.131335] (41068_ignition_bringup) StdoutLine: {'line': b"Listing '/home/student/RoboticsStudio1/install/41068_ignition_bringup/local/lib/python3.10/dist-packages/41068_ignition_bringup/.git/lfs/cache/locks/refs/heads/graeme'...\n"}
[6.131395] (41068_ignition_bringup) StdoutLine: {'line': b"Listing '/home/student/RoboticsStudio1/install/41068_ignition_bringup/local/lib/python3.10/dist-packages/41068_ignition_bringup/.git/lfs/cache/locks/refs/heads/graeme/initial_edits'...\n"}
[6.131456] (41068_ignition_bringup) StdoutLine: {'line': b"Listing '/home/student/RoboticsStudio1/install/41068_ignition_bringup/local/lib/python3.10/dist-packages/41068_ignition_bringup/.git/lfs/incomplete'...\n"}
[6.131515] (41068_ignition_bringup) StdoutLine: {'line': b"Listing '/home/student/RoboticsStudio1/install/41068_ignition_bringup/local/lib/python3.10/dist-packages/41068_ignition_bringup/.git/lfs/objects'...\n"}
[6.131581] (41068_ignition_bringup) StdoutLine: {'line': b"Listing '/home/student/RoboticsStudio1/install/41068_ignition_bringup/local/lib/python3.10/dist-packages/41068_ignition_bringup/.git/lfs/objects/02'...\n"}
[6.131640] (41068_ignition_bringup) StdoutLine: {'line': b"Listing '/home/student/RoboticsStudio1/install/41068_ignition_bringup/local/lib/python3.10/dist-packages/41068_ignition_bringup/.git/lfs/objects/02/dd'...\n"}
[6.131699] (41068_ignition_bringup) StdoutLine: {'line': b"Listing '/home/student/RoboticsStudio1/install/41068_ignition_bringup/local/lib/python3.10/dist-packages/41068_ignition_bringup/.git/lfs/objects/03'...\n"}
[6.131758] (41068_ignition_bringup) StdoutLine: {'line': b"Listing '/home/student/RoboticsStudio1/install/41068_ignition_bringup/local/lib/python3.10/dist-packages/41068_ignition_bringup/.git/lfs/objects/03/e1'...\n"}
[6.131818] (41068_ignition_bringup) StdoutLine: {'line': b"Listing '/home/student/RoboticsStudio1/install/41068_ignition_bringup/local/lib/python3.10/dist-packages/41068_ignition_bringup/.git/lfs/objects/17'...\n"}
[6.131876] (41068_ignition_bringup) StdoutLine: {'line': b"Listing '/home/student/RoboticsStudio1/install/41068_ignition_bringup/local/lib/python3.10/dist-packages/41068_ignition_bringup/.git/lfs/objects/17/98'...\n"}
[6.131935] (41068_ignition_bringup) StdoutLine: {'line': b"Listing '/home/student/RoboticsStudio1/install/41068_ignition_bringup/local/lib/python3.10/dist-packages/41068_ignition_bringup/.git/lfs/objects/31'...\n"}
[6.132009] (41068_ignition_bringup) StdoutLine: {'line': b"Listing '/home/student/RoboticsStudio1/install/41068_ignition_bringup/local/lib/python3.10/dist-packages/41068_ignition_bringup/.git/lfs/objects/31/24'...\n"}
[6.132187] (41068_ignition_bringup) StdoutLine: {'line': b"Listing '/home/student/RoboticsStudio1/install/41068_ignition_bringup/local/lib/python3.10/dist-packages/41068_ignition_bringup/.git/lfs/objects/58'...\n"}
[6.132282] (41068_ignition_bringup) StdoutLine: {'line': b"Listing '/home/student/RoboticsStudio1/install/41068_ignition_bringup/local/lib/python3.10/dist-packages/41068_ignition_bringup/.git/lfs/objects/58/15'...\n"}
[6.132546] (41068_ignition_bringup) StdoutLine: {'line': b"Listing '/home/student/RoboticsStudio1/install/41068_ignition_bringup/local/lib/python3.10/dist-packages/41068_ignition_bringup/.git/lfs/objects/df'...\n"}
[6.132609] (41068_ignition_bringup) StdoutLine: {'line': b"Listing '/home/student/RoboticsStudio1/install/41068_ignition_bringup/local/lib/python3.10/dist-packages/41068_ignition_bringup/.git/lfs/objects/df/56'...\n"}
[6.132670] (41068_ignition_bringup) StdoutLine: {'line': b"Listing '/home/student/RoboticsStudio1/install/41068_ignition_bringup/local/lib/python3.10/dist-packages/41068_ignition_bringup/.git/lfs/objects/e6'...\n"}
[6.132740] (41068_ignition_bringup) StdoutLine: {'line': b"Listing '/home/student/RoboticsStudio1/install/41068_ignition_bringup/local/lib/python3.10/dist-packages/41068_ignition_bringup/.git/lfs/objects/e6/9c'...\n"}
[6.132802] (41068_ignition_bringup) StdoutLine: {'line': b"Listing '/home/student/RoboticsStudio1/install/41068_ignition_bringup/local/lib/python3.10/dist-packages/41068_ignition_bringup/.git/lfs/tmp'...\n"}
[6.132863] (41068_ignition_bringup) StdoutLine: {'line': b"Listing '/home/student/RoboticsStudio1/install/41068_ignition_bringup/local/lib/python3.10/dist-packages/41068_ignition_bringup/.git/logs'...\n"}
[6.132924] (41068_ignition_bringup) StdoutLine: {'line': b"Listing '/home/student/RoboticsStudio1/install/41068_ignition_bringup/local/lib/python3.10/dist-packages/41068_ignition_bringup/.git/logs/refs'...\n"}
[6.133007] (41068_ignition_bringup) StdoutLine: {'line': b"Listing '/home/student/RoboticsStudio1/install/41068_ignition_bringup/local/lib/python3.10/dist-packages/41068_ignition_bringup/.git/logs/refs/heads'...\n"}
[6.133069] (41068_ignition_bringup) StdoutLine: {'line': b"Listing '/home/student/RoboticsStudio1/install/41068_ignition_bringup/local/lib/python3.10/dist-packages/41068_ignition_bringup/.git/logs/refs/heads/graeme'...\n"}
[6.133136] (41068_ignition_bringup) StdoutLine: {'line': b"Listing '/home/student/RoboticsStudio1/install/41068_ignition_bringup/local/lib/python3.10/dist-packages/41068_ignition_bringup/.git/logs/refs/remotes'...\n"}
[6.133201] (41068_ignition_bringup) StdoutLine: {'line': b"Listing '/home/student/RoboticsStudio1/install/41068_ignition_bringup/local/lib/python3.10/dist-packages/41068_ignition_bringup/.git/logs/refs/remotes/origin'...\n"}
[6.133264] (41068_ignition_bringup) StdoutLine: {'line': b"Listing '/home/student/RoboticsStudio1/install/41068_ignition_bringup/local/lib/python3.10/dist-packages/41068_ignition_bringup/.git/logs/refs/remotes/origin/graeme'...\n"}
[6.133326] (41068_ignition_bringup) StdoutLine: {'line': b"Listing '/home/student/RoboticsStudio1/install/41068_ignition_bringup/local/lib/python3.10/dist-packages/41068_ignition_bringup/.git/objects'...\n"}
[6.133380] (41068_ignition_bringup) StdoutLine: {'line': b"Listing '/home/student/RoboticsStudio1/install/41068_ignition_bringup/local/lib/python3.10/dist-packages/41068_ignition_bringup/.git/objects/01'...\n"}
[6.133432] (41068_ignition_bringup) StdoutLine: {'line': b"Listing '/home/student/RoboticsStudio1/install/41068_ignition_bringup/local/lib/python3.10/dist-packages/41068_ignition_bringup/.git/objects/02'...\n"}
[6.133490] (41068_ignition_bringup) StdoutLine: {'line': b"Listing '/home/student/RoboticsStudio1/install/41068_ignition_bringup/local/lib/python3.10/dist-packages/41068_ignition_bringup/.git/objects/05'...\n"}
[6.133550] (41068_ignition_bringup) StdoutLine: {'line': b"Listing '/home/student/RoboticsStudio1/install/41068_ignition_bringup/local/lib/python3.10/dist-packages/41068_ignition_bringup/.git/objects/09'...\n"}
[6.133610] (41068_ignition_bringup) StdoutLine: {'line': b"Listing '/home/student/RoboticsStudio1/install/41068_ignition_bringup/local/lib/python3.10/dist-packages/41068_ignition_bringup/.git/objects/0c'...\n"}
[6.133670] (41068_ignition_bringup) StdoutLine: {'line': b"Listing '/home/student/RoboticsStudio1/install/41068_ignition_bringup/local/lib/python3.10/dist-packages/41068_ignition_bringup/.git/objects/0d'...\n"}
[6.133731] (41068_ignition_bringup) StdoutLine: {'line': b"Listing '/home/student/RoboticsStudio1/install/41068_ignition_bringup/local/lib/python3.10/dist-packages/41068_ignition_bringup/.git/objects/15'...\n"}
[6.133793] (41068_ignition_bringup) StdoutLine: {'line': b"Listing '/home/student/RoboticsStudio1/install/41068_ignition_bringup/local/lib/python3.10/dist-packages/41068_ignition_bringup/.git/objects/16'...\n"}
[6.133853] (41068_ignition_bringup) StdoutLine: {'line': b"Listing '/home/student/RoboticsStudio1/install/41068_ignition_bringup/local/lib/python3.10/dist-packages/41068_ignition_bringup/.git/objects/27'...\n"}
[6.133913] (41068_ignition_bringup) StdoutLine: {'line': b"Listing '/home/student/RoboticsStudio1/install/41068_ignition_bringup/local/lib/python3.10/dist-packages/41068_ignition_bringup/.git/objects/34'...\n"}
[6.133986] (41068_ignition_bringup) StdoutLine: {'line': b"Listing '/home/student/RoboticsStudio1/install/41068_ignition_bringup/local/lib/python3.10/dist-packages/41068_ignition_bringup/.git/objects/35'...\n"}
[6.134053] (41068_ignition_bringup) StdoutLine: {'line': b"Listing '/home/student/RoboticsStudio1/install/41068_ignition_bringup/local/lib/python3.10/dist-packages/41068_ignition_bringup/.git/objects/37'...\n"}
[6.134113] (41068_ignition_bringup) StdoutLine: {'line': b"Listing '/home/student/RoboticsStudio1/install/41068_ignition_bringup/local/lib/python3.10/dist-packages/41068_ignition_bringup/.git/objects/38'...\n"}
[6.134172] (41068_ignition_bringup) StdoutLine: {'line': b"Listing '/home/student/RoboticsStudio1/install/41068_ignition_bringup/local/lib/python3.10/dist-packages/41068_ignition_bringup/.git/objects/39'...\n"}
[6.134229] (41068_ignition_bringup) StdoutLine: {'line': b"Listing '/home/student/RoboticsStudio1/install/41068_ignition_bringup/local/lib/python3.10/dist-packages/41068_ignition_bringup/.git/objects/3a'...\n"}
[6.134296] (41068_ignition_bringup) StdoutLine: {'line': b"Listing '/home/student/RoboticsStudio1/install/41068_ignition_bringup/local/lib/python3.10/dist-packages/41068_ignition_bringup/.git/objects/40'...\n"}
[6.134360] (41068_ignition_bringup) StdoutLine: {'line': b"Listing '/home/student/RoboticsStudio1/install/41068_ignition_bringup/local/lib/python3.10/dist-packages/41068_ignition_bringup/.git/objects/45'...\n"}
[6.134421] (41068_ignition_bringup) StdoutLine: {'line': b"Listing '/home/student/RoboticsStudio1/install/41068_ignition_bringup/local/lib/python3.10/dist-packages/41068_ignition_bringup/.git/objects/46'...\n"}
[6.134481] (41068_ignition_bringup) StdoutLine: {'line': b"Listing '/home/student/RoboticsStudio1/install/41068_ignition_bringup/local/lib/python3.10/dist-packages/41068_ignition_bringup/.git/objects/47'...\n"}
[6.134541] (41068_ignition_bringup) StdoutLine: {'line': b"Listing '/home/student/RoboticsStudio1/install/41068_ignition_bringup/local/lib/python3.10/dist-packages/41068_ignition_bringup/.git/objects/4b'...\n"}
[6.134601] (41068_ignition_bringup) StdoutLine: {'line': b"Listing '/home/student/RoboticsStudio1/install/41068_ignition_bringup/local/lib/python3.10/dist-packages/41068_ignition_bringup/.git/objects/4f'...\n"}
[6.134659] (41068_ignition_bringup) StdoutLine: {'line': b"Listing '/home/student/RoboticsStudio1/install/41068_ignition_bringup/local/lib/python3.10/dist-packages/41068_ignition_bringup/.git/objects/50'...\n"}
[6.134726] (41068_ignition_bringup) StdoutLine: {'line': b"Listing '/home/student/RoboticsStudio1/install/41068_ignition_bringup/local/lib/python3.10/dist-packages/41068_ignition_bringup/.git/objects/55'...\n"}
[6.134785] (41068_ignition_bringup) StdoutLine: {'line': b"Listing '/home/student/RoboticsStudio1/install/41068_ignition_bringup/local/lib/python3.10/dist-packages/41068_ignition_bringup/.git/objects/5b'...\n"}
[6.134848] (41068_ignition_bringup) StdoutLine: {'line': b"Listing '/home/student/RoboticsStudio1/install/41068_ignition_bringup/local/lib/python3.10/dist-packages/41068_ignition_bringup/.git/objects/5e'...\n"}
[6.134908] (41068_ignition_bringup) StdoutLine: {'line': b"Listing '/home/student/RoboticsStudio1/install/41068_ignition_bringup/local/lib/python3.10/dist-packages/41068_ignition_bringup/.git/objects/60'...\n"}
[6.134985] (41068_ignition_bringup) StdoutLine: {'line': b"Listing '/home/student/RoboticsStudio1/install/41068_ignition_bringup/local/lib/python3.10/dist-packages/41068_ignition_bringup/.git/objects/69'...\n"}
[6.135047] (41068_ignition_bringup) StdoutLine: {'line': b"Listing '/home/student/RoboticsStudio1/install/41068_ignition_bringup/local/lib/python3.10/dist-packages/41068_ignition_bringup/.git/objects/73'...\n"}
[6.135107] (41068_ignition_bringup) StdoutLine: {'line': b"Listing '/home/student/RoboticsStudio1/install/41068_ignition_bringup/local/lib/python3.10/dist-packages/41068_ignition_bringup/.git/objects/74'...\n"}
[6.135166] (41068_ignition_bringup) StdoutLine: {'line': b"Listing '/home/student/RoboticsStudio1/install/41068_ignition_bringup/local/lib/python3.10/dist-packages/41068_ignition_bringup/.git/objects/7c'...\n"}
[6.135225] (41068_ignition_bringup) StdoutLine: {'line': b"Listing '/home/student/RoboticsStudio1/install/41068_ignition_bringup/local/lib/python3.10/dist-packages/41068_ignition_bringup/.git/objects/7d'...\n"}
[6.135284] (41068_ignition_bringup) StdoutLine: {'line': b"Listing '/home/student/RoboticsStudio1/install/41068_ignition_bringup/local/lib/python3.10/dist-packages/41068_ignition_bringup/.git/objects/7e'...\n"}
[6.135342] (41068_ignition_bringup) StdoutLine: {'line': b"Listing '/home/student/RoboticsStudio1/install/41068_ignition_bringup/local/lib/python3.10/dist-packages/41068_ignition_bringup/.git/objects/7f'...\n"}
[6.135402] (41068_ignition_bringup) StdoutLine: {'line': b"Listing '/home/student/RoboticsStudio1/install/41068_ignition_bringup/local/lib/python3.10/dist-packages/41068_ignition_bringup/.git/objects/84'...\n"}
[6.135462] (41068_ignition_bringup) StdoutLine: {'line': b"Listing '/home/student/RoboticsStudio1/install/41068_ignition_bringup/local/lib/python3.10/dist-packages/41068_ignition_bringup/.git/objects/8b'...\n"}
[6.135526] (41068_ignition_bringup) StdoutLine: {'line': b"Listing '/home/student/RoboticsStudio1/install/41068_ignition_bringup/local/lib/python3.10/dist-packages/41068_ignition_bringup/.git/objects/8c'...\n"}
[6.135585] (41068_ignition_bringup) StdoutLine: {'line': b"Listing '/home/student/RoboticsStudio1/install/41068_ignition_bringup/local/lib/python3.10/dist-packages/41068_ignition_bringup/.git/objects/8d'...\n"}
[6.135644] (41068_ignition_bringup) StdoutLine: {'line': b"Listing '/home/student/RoboticsStudio1/install/41068_ignition_bringup/local/lib/python3.10/dist-packages/41068_ignition_bringup/.git/objects/8e'...\n"}
[6.135702] (41068_ignition_bringup) StdoutLine: {'line': b"Listing '/home/student/RoboticsStudio1/install/41068_ignition_bringup/local/lib/python3.10/dist-packages/41068_ignition_bringup/.git/objects/8f'...\n"}
[6.135760] (41068_ignition_bringup) StdoutLine: {'line': b"Listing '/home/student/RoboticsStudio1/install/41068_ignition_bringup/local/lib/python3.10/dist-packages/41068_ignition_bringup/.git/objects/98'...\n"}
[6.135819] (41068_ignition_bringup) StdoutLine: {'line': b"Listing '/home/student/RoboticsStudio1/install/41068_ignition_bringup/local/lib/python3.10/dist-packages/41068_ignition_bringup/.git/objects/9b'...\n"}
[6.135882] (41068_ignition_bringup) StdoutLine: {'line': b"Listing '/home/student/RoboticsStudio1/install/41068_ignition_bringup/local/lib/python3.10/dist-packages/41068_ignition_bringup/.git/objects/9c'...\n"}
[6.135957] (41068_ignition_bringup) StdoutLine: {'line': b"Listing '/home/student/RoboticsStudio1/install/41068_ignition_bringup/local/lib/python3.10/dist-packages/41068_ignition_bringup/.git/objects/9d'...\n"}
[6.136024] (41068_ignition_bringup) StdoutLine: {'line': b"Listing '/home/student/RoboticsStudio1/install/41068_ignition_bringup/local/lib/python3.10/dist-packages/41068_ignition_bringup/.git/objects/9f'...\n"}
[6.136084] (41068_ignition_bringup) StdoutLine: {'line': b"Listing '/home/student/RoboticsStudio1/install/41068_ignition_bringup/local/lib/python3.10/dist-packages/41068_ignition_bringup/.git/objects/a4'...\n"}
[6.136143] (41068_ignition_bringup) StdoutLine: {'line': b"Listing '/home/student/RoboticsStudio1/install/41068_ignition_bringup/local/lib/python3.10/dist-packages/41068_ignition_bringup/.git/objects/a6'...\n"}
[6.136203] (41068_ignition_bringup) StdoutLine: {'line': b"Listing '/home/student/RoboticsStudio1/install/41068_ignition_bringup/local/lib/python3.10/dist-packages/41068_ignition_bringup/.git/objects/ad'...\n"}
[6.136267] (41068_ignition_bringup) StdoutLine: {'line': b"Listing '/home/student/RoboticsStudio1/install/41068_ignition_bringup/local/lib/python3.10/dist-packages/41068_ignition_bringup/.git/objects/ae'...\n"}
[6.136325] (41068_ignition_bringup) StdoutLine: {'line': b"Listing '/home/student/RoboticsStudio1/install/41068_ignition_bringup/local/lib/python3.10/dist-packages/41068_ignition_bringup/.git/objects/af'...\n"}
[6.136391] (41068_ignition_bringup) StdoutLine: {'line': b"Listing '/home/student/RoboticsStudio1/install/41068_ignition_bringup/local/lib/python3.10/dist-packages/41068_ignition_bringup/.git/objects/b2'...\n"}
[6.136449] (41068_ignition_bringup) StdoutLine: {'line': b"Listing '/home/student/RoboticsStudio1/install/41068_ignition_bringup/local/lib/python3.10/dist-packages/41068_ignition_bringup/.git/objects/b3'...\n"}
[6.136508] (41068_ignition_bringup) StdoutLine: {'line': b"Listing '/home/student/RoboticsStudio1/install/41068_ignition_bringup/local/lib/python3.10/dist-packages/41068_ignition_bringup/.git/objects/b6'...\n"}
[6.136571] (41068_ignition_bringup) StdoutLine: {'line': b"Listing '/home/student/RoboticsStudio1/install/41068_ignition_bringup/local/lib/python3.10/dist-packages/41068_ignition_bringup/.git/objects/b8'...\n"}
[6.136630] (41068_ignition_bringup) StdoutLine: {'line': b"Listing '/home/student/RoboticsStudio1/install/41068_ignition_bringup/local/lib/python3.10/dist-packages/41068_ignition_bringup/.git/objects/c1'...\n"}
[6.136693] (41068_ignition_bringup) StdoutLine: {'line': b"Listing '/home/student/RoboticsStudio1/install/41068_ignition_bringup/local/lib/python3.10/dist-packages/41068_ignition_bringup/.git/objects/cc'...\n"}
[6.136752] (41068_ignition_bringup) StdoutLine: {'line': b"Listing '/home/student/RoboticsStudio1/install/41068_ignition_bringup/local/lib/python3.10/dist-packages/41068_ignition_bringup/.git/objects/ce'...\n"}
[6.136811] (41068_ignition_bringup) StdoutLine: {'line': b"Listing '/home/student/RoboticsStudio1/install/41068_ignition_bringup/local/lib/python3.10/dist-packages/41068_ignition_bringup/.git/objects/d0'...\n"}
[6.136870] (41068_ignition_bringup) StdoutLine: {'line': b"Listing '/home/student/RoboticsStudio1/install/41068_ignition_bringup/local/lib/python3.10/dist-packages/41068_ignition_bringup/.git/objects/d1'...\n"}
[6.136925] (41068_ignition_bringup) StdoutLine: {'line': b"Listing '/home/student/RoboticsStudio1/install/41068_ignition_bringup/local/lib/python3.10/dist-packages/41068_ignition_bringup/.git/objects/d3'...\n"}
[6.137043] (41068_ignition_bringup) StdoutLine: {'line': b"Listing '/home/student/RoboticsStudio1/install/41068_ignition_bringup/local/lib/python3.10/dist-packages/41068_ignition_bringup/.git/objects/d6'...\n"}
[6.137137] (41068_ignition_bringup) StdoutLine: {'line': b"Listing '/home/student/RoboticsStudio1/install/41068_ignition_bringup/local/lib/python3.10/dist-packages/41068_ignition_bringup/.git/objects/d7'...\n"}
[6.137199] (41068_ignition_bringup) StdoutLine: {'line': b"Listing '/home/student/RoboticsStudio1/install/41068_ignition_bringup/local/lib/python3.10/dist-packages/41068_ignition_bringup/.git/objects/d8'...\n"}
[6.137262] (41068_ignition_bringup) StdoutLine: {'line': b"Listing '/home/student/RoboticsStudio1/install/41068_ignition_bringup/local/lib/python3.10/dist-packages/41068_ignition_bringup/.git/objects/da'...\n"}
[6.137322] (41068_ignition_bringup) StdoutLine: {'line': b"Listing '/home/student/RoboticsStudio1/install/41068_ignition_bringup/local/lib/python3.10/dist-packages/41068_ignition_bringup/.git/objects/df'...\n"}
[6.137381] (41068_ignition_bringup) StdoutLine: {'line': b"Listing '/home/student/RoboticsStudio1/install/41068_ignition_bringup/local/lib/python3.10/dist-packages/41068_ignition_bringup/.git/objects/f5'...\n"}
[6.137441] (41068_ignition_bringup) StdoutLine: {'line': b"Listing '/home/student/RoboticsStudio1/install/41068_ignition_bringup/local/lib/python3.10/dist-packages/41068_ignition_bringup/.git/objects/f8'...\n"}
[6.137500] (41068_ignition_bringup) StdoutLine: {'line': b"Listing '/home/student/RoboticsStudio1/install/41068_ignition_bringup/local/lib/python3.10/dist-packages/41068_ignition_bringup/.git/objects/fc'...\n"}
[6.137560] (41068_ignition_bringup) StdoutLine: {'line': b"Listing '/home/student/RoboticsStudio1/install/41068_ignition_bringup/local/lib/python3.10/dist-packages/41068_ignition_bringup/.git/objects/fd'...\n"}
[6.137626] (41068_ignition_bringup) StdoutLine: {'line': b"Listing '/home/student/RoboticsStudio1/install/41068_ignition_bringup/local/lib/python3.10/dist-packages/41068_ignition_bringup/.git/objects/info'...\n"}
[6.137685] (41068_ignition_bringup) StdoutLine: {'line': b"Listing '/home/student/RoboticsStudio1/install/41068_ignition_bringup/local/lib/python3.10/dist-packages/41068_ignition_bringup/.git/objects/pack'...\n"}
[6.137745] (41068_ignition_bringup) StdoutLine: {'line': b"Listing '/home/student/RoboticsStudio1/install/41068_ignition_bringup/local/lib/python3.10/dist-packages/41068_ignition_bringup/.git/refs'...\n"}
[6.137804] (41068_ignition_bringup) StdoutLine: {'line': b"Listing '/home/student/RoboticsStudio1/install/41068_ignition_bringup/local/lib/python3.10/dist-packages/41068_ignition_bringup/.git/refs/heads'...\n"}
[6.149142] (41068_ignition_bringup) StdoutLine: {'line': b"Listing '/home/student/RoboticsStudio1/install/41068_ignition_bringup/local/lib/python3.10/dist-packages/41068_ignition_bringup/.git/refs/heads/graeme'...\n"}
[6.149439] (41068_ignition_bringup) StdoutLine: {'line': b"Listing '/home/student/RoboticsStudio1/install/41068_ignition_bringup/local/lib/python3.10/dist-packages/41068_ignition_bringup/.git/refs/remotes'...\n"}
[6.149525] (41068_ignition_bringup) StdoutLine: {'line': b"Listing '/home/student/RoboticsStudio1/install/41068_ignition_bringup/local/lib/python3.10/dist-packages/41068_ignition_bringup/.git/refs/remotes/origin'...\n"}
[6.149593] (41068_ignition_bringup) StdoutLine: {'line': b"Listing '/home/student/RoboticsStudio1/install/41068_ignition_bringup/local/lib/python3.10/dist-packages/41068_ignition_bringup/.git/refs/remotes/origin/graeme'...\n"}
[6.149658] (41068_ignition_bringup) StdoutLine: {'line': b"Listing '/home/student/RoboticsStudio1/install/41068_ignition_bringup/local/lib/python3.10/dist-packages/41068_ignition_bringup/.git/refs/tags'...\n"}
[6.149727] (41068_ignition_bringup) StdoutLine: {'line': b"Compiling '/home/student/RoboticsStudio1/install/41068_ignition_bringup/local/lib/python3.10/dist-packages/41068_ignition_bringup/__init__.py'...\n"}
[6.149788] (41068_ignition_bringup) StdoutLine: {'line': b"Listing '/home/student/RoboticsStudio1/install/41068_ignition_bringup/local/lib/python3.10/dist-packages/41068_ignition_bringup/config'...\n"}
[6.149855] (41068_ignition_bringup) StdoutLine: {'line': b"Listing '/home/student/RoboticsStudio1/install/41068_ignition_bringup/local/lib/python3.10/dist-packages/41068_ignition_bringup/drone_movement'...\n"}
[6.149922] (41068_ignition_bringup) StdoutLine: {'line': b"Compiling '/home/student/RoboticsStudio1/install/41068_ignition_bringup/local/lib/python3.10/dist-packages/41068_ignition_bringup/drone_movement/dronecontrolling.py'...\n"}
[6.150002] (41068_ignition_bringup) StdoutLine: {'line': b"Compiling '/home/student/RoboticsStudio1/install/41068_ignition_bringup/local/lib/python3.10/dist-packages/41068_ignition_bringup/drone_movement/dronecontroltest.py'...\n"}
[6.150065] (41068_ignition_bringup) StdoutLine: {'line': b"Listing '/home/student/RoboticsStudio1/install/41068_ignition_bringup/local/lib/python3.10/dist-packages/41068_ignition_bringup/gui'...\n"}
[6.150126] (41068_ignition_bringup) StdoutLine: {'line': b"Compiling '/home/student/RoboticsStudio1/install/41068_ignition_bringup/local/lib/python3.10/dist-packages/41068_ignition_bringup/gui/gui_panel.py'...\n"}
[6.150187] (41068_ignition_bringup) StdoutLine: {'line': b"Listing '/home/student/RoboticsStudio1/install/41068_ignition_bringup/local/lib/python3.10/dist-packages/41068_ignition_bringup/launch'...\n"}
[6.150248] (41068_ignition_bringup) StdoutLine: {'line': b"Compiling '/home/student/RoboticsStudio1/install/41068_ignition_bringup/local/lib/python3.10/dist-packages/41068_ignition_bringup/launch/41068_ignition.launch.py'...\n"}
[6.150308] (41068_ignition_bringup) StdoutLine: {'line': b"Compiling '/home/student/RoboticsStudio1/install/41068_ignition_bringup/local/lib/python3.10/dist-packages/41068_ignition_bringup/launch/41068_ignition_drone.launch.py'...\n"}
[6.150369] (41068_ignition_bringup) StdoutLine: {'line': b"Compiling '/home/student/RoboticsStudio1/install/41068_ignition_bringup/local/lib/python3.10/dist-packages/41068_ignition_bringup/launch/41068_navigation.launch.py'...\n"}
[6.150430] (41068_ignition_bringup) StdoutLine: {'line': b"Listing '/home/student/RoboticsStudio1/install/41068_ignition_bringup/local/lib/python3.10/dist-packages/41068_ignition_bringup/lidar_processing'...\n"}
[6.150490] (41068_ignition_bringup) StdoutLine: {'line': b"Compiling '/home/student/RoboticsStudio1/install/41068_ignition_bringup/local/lib/python3.10/dist-packages/41068_ignition_bringup/lidar_processing/__init__.py'...\n"}
[6.150551] (41068_ignition_bringup) StdoutLine: {'line': b"Compiling '/home/student/RoboticsStudio1/install/41068_ignition_bringup/local/lib/python3.10/dist-packages/41068_ignition_bringup/lidar_processing/filtered_lidar.py'...\n"}
[6.150610] (41068_ignition_bringup) StdoutLine: {'line': b"Compiling '/home/student/RoboticsStudio1/install/41068_ignition_bringup/local/lib/python3.10/dist-packages/41068_ignition_bringup/lidar_processing/tree_detector.py'...\n"}
[6.150676] (41068_ignition_bringup) StdoutLine: {'line': b"Listing '/home/student/RoboticsStudio1/install/41068_ignition_bringup/local/lib/python3.10/dist-packages/41068_ignition_bringup/models'...\n"}
[6.150742] (41068_ignition_bringup) StdoutLine: {'line': b"Listing '/home/student/RoboticsStudio1/install/41068_ignition_bringup/local/lib/python3.10/dist-packages/41068_ignition_bringup/models/forest_plane'...\n"}
[6.150804] (41068_ignition_bringup) StdoutLine: {'line': b"Listing '/home/student/RoboticsStudio1/install/41068_ignition_bringup/local/lib/python3.10/dist-packages/41068_ignition_bringup/models/forest_plane/materials'...\n"}
[6.150864] (41068_ignition_bringup) StdoutLine: {'line': b"Listing '/home/student/RoboticsStudio1/install/41068_ignition_bringup/local/lib/python3.10/dist-packages/41068_ignition_bringup/models/forest_plane/materials/textures'...\n"}
[6.150924] (41068_ignition_bringup) StdoutLine: {'line': b"Listing '/home/student/RoboticsStudio1/install/41068_ignition_bringup/local/lib/python3.10/dist-packages/41068_ignition_bringup/models/forest_wall'...\n"}
[6.150996] (41068_ignition_bringup) StdoutLine: {'line': b"Listing '/home/student/RoboticsStudio1/install/41068_ignition_bringup/local/lib/python3.10/dist-packages/41068_ignition_bringup/models/forest_wall/materials'...\n"}
[6.151058] (41068_ignition_bringup) StdoutLine: {'line': b"Listing '/home/student/RoboticsStudio1/install/41068_ignition_bringup/local/lib/python3.10/dist-packages/41068_ignition_bringup/models/forest_wall/materials/textures'...\n"}
[6.151118] (41068_ignition_bringup) StdoutLine: {'line': b"Listing '/home/student/RoboticsStudio1/install/41068_ignition_bringup/local/lib/python3.10/dist-packages/41068_ignition_bringup/models/grass_plane'...\n"}
[6.151177] (41068_ignition_bringup) StdoutLine: {'line': b"Listing '/home/student/RoboticsStudio1/install/41068_ignition_bringup/local/lib/python3.10/dist-packages/41068_ignition_bringup/models/grass_plane/materials'...\n"}
[6.151236] (41068_ignition_bringup) StdoutLine: {'line': b"Listing '/home/student/RoboticsStudio1/install/41068_ignition_bringup/local/lib/python3.10/dist-packages/41068_ignition_bringup/models/grass_plane/materials/textures'...\n"}
[6.151297] (41068_ignition_bringup) StdoutLine: {'line': b"Listing '/home/student/RoboticsStudio1/install/41068_ignition_bringup/local/lib/python3.10/dist-packages/41068_ignition_bringup/odom'...\n"}
[6.151365] (41068_ignition_bringup) StdoutLine: {'line': b"Compiling '/home/student/RoboticsStudio1/install/41068_ignition_bringup/local/lib/python3.10/dist-packages/41068_ignition_bringup/odom/__init__.py'...\n"}
[6.151424] (41068_ignition_bringup) StdoutLine: {'line': b"Compiling '/home/student/RoboticsStudio1/install/41068_ignition_bringup/local/lib/python3.10/dist-packages/41068_ignition_bringup/odom/odometry_listener.py'...\n"}
[6.151490] (41068_ignition_bringup) StdoutLine: {'line': b"Listing '/home/student/RoboticsStudio1/install/41068_ignition_bringup/local/lib/python3.10/dist-packages/41068_ignition_bringup/path_planning'...\n"}
[6.151550] (41068_ignition_bringup) StdoutLine: {'line': b"Compiling '/home/student/RoboticsStudio1/install/41068_ignition_bringup/local/lib/python3.10/dist-packages/41068_ignition_bringup/path_planning/test_snake_waypoints.py'...\n"}
[6.151609] (41068_ignition_bringup) StdoutLine: {'line': b"Compiling '/home/student/RoboticsStudio1/install/41068_ignition_bringup/local/lib/python3.10/dist-packages/41068_ignition_bringup/runner.py'...\n"}
[6.151668] (41068_ignition_bringup) StdoutLine: {'line': b"Listing '/home/student/RoboticsStudio1/install/41068_ignition_bringup/local/lib/python3.10/dist-packages/41068_ignition_bringup/urdf'...\n"}
[6.151728] (41068_ignition_bringup) StdoutLine: {'line': b"Listing '/home/student/RoboticsStudio1/install/41068_ignition_bringup/local/lib/python3.10/dist-packages/41068_ignition_bringup/urdf/meshes'...\n"}
[6.151787] (41068_ignition_bringup) StdoutLine: {'line': b"Listing '/home/student/RoboticsStudio1/install/41068_ignition_bringup/local/lib/python3.10/dist-packages/41068_ignition_bringup/urdf_drone'...\n"}
[6.151851] (41068_ignition_bringup) StdoutLine: {'line': b"Listing '/home/student/RoboticsStudio1/install/41068_ignition_bringup/local/lib/python3.10/dist-packages/41068_ignition_bringup/urdf_drone/meshes'...\n"}
[6.151911] (41068_ignition_bringup) StdoutLine: {'line': b"Listing '/home/student/RoboticsStudio1/install/41068_ignition_bringup/local/lib/python3.10/dist-packages/41068_ignition_bringup/urdf_drone/thumbnails'...\n"}
[6.151988] (41068_ignition_bringup) StdoutLine: {'line': b"Listing '/home/student/RoboticsStudio1/install/41068_ignition_bringup/local/lib/python3.10/dist-packages/41068_ignition_bringup/worlds'...\n"}
[6.154969] (41068_ignition_bringup) StdoutLine: {'line': b'-- Installing: /home/student/RoboticsStudio1/install/41068_ignition_bringup/lib/41068_ignition_bringup/filtered_lidar.py\n'}
[6.155177] (41068_ignition_bringup) StdoutLine: {'line': b'-- Installing: /home/student/RoboticsStudio1/install/41068_ignition_bringup/lib/41068_ignition_bringup/tree_detector.py\n'}
[6.155317] (41068_ignition_bringup) StdoutLine: {'line': b'-- Installing: /home/student/RoboticsStudio1/install/41068_ignition_bringup/lib/41068_ignition_bringup/gui_panel.py\n'}
[6.155444] (41068_ignition_bringup) StdoutLine: {'line': b'-- Installing: /home/student/RoboticsStudio1/install/41068_ignition_bringup/lib/41068_ignition_bringup/odometry_listener.py\n'}
[6.155570] (41068_ignition_bringup) StdoutLine: {'line': b'-- Installing: /home/student/RoboticsStudio1/install/41068_ignition_bringup/share/41068_ignition_bringup/config\n'}
[6.155704] (41068_ignition_bringup) StdoutLine: {'line': b'-- Installing: /home/student/RoboticsStudio1/install/41068_ignition_bringup/share/41068_ignition_bringup/config/gazebo_bridge.yaml\n'}
[6.155834] (41068_ignition_bringup) StdoutLine: {'line': b'-- Installing: /home/student/RoboticsStudio1/install/41068_ignition_bringup/share/41068_ignition_bringup/config/slam_params.yaml\n'}
[6.155917] (41068_ignition_bringup) StdoutLine: {'line': b'-- Installing: /home/student/RoboticsStudio1/install/41068_ignition_bringup/share/41068_ignition_bringup/config/nav2_params.yaml\n'}
[6.156049] (41068_ignition_bringup) StdoutLine: {'line': b'-- Installing: /home/student/RoboticsStudio1/install/41068_ignition_bringup/share/41068_ignition_bringup/config/robot_localization.yaml\n'}
[6.156201] (41068_ignition_bringup) StdoutLine: {'line': b'-- Installing: /home/student/RoboticsStudio1/install/41068_ignition_bringup/share/41068_ignition_bringup/config/41068.rviz\n'}
[6.156326] (41068_ignition_bringup) StdoutLine: {'line': b'-- Installing: /home/student/RoboticsStudio1/install/41068_ignition_bringup/share/41068_ignition_bringup/launch\n'}
[6.156398] (41068_ignition_bringup) StdoutLine: {'line': b'-- Installing: /home/student/RoboticsStudio1/install/41068_ignition_bringup/share/41068_ignition_bringup/launch/41068_navigation.launch.py\n'}
[6.156529] (41068_ignition_bringup) StdoutLine: {'line': b'-- Installing: /home/student/RoboticsStudio1/install/41068_ignition_bringup/share/41068_ignition_bringup/launch/41068_ignition.launch.py\n'}
[6.156607] (41068_ignition_bringup) StdoutLine: {'line': b'-- Installing: /home/student/RoboticsStudio1/install/41068_ignition_bringup/share/41068_ignition_bringup/launch/41068_ignition_drone.launch.py\n'}
[6.156753] (41068_ignition_bringup) StdoutLine: {'line': b'-- Installing: /home/student/RoboticsStudio1/install/41068_ignition_bringup/share/41068_ignition_bringup/models\n'}
[6.156824] (41068_ignition_bringup) StdoutLine: {'line': b'-- Installing: /home/student/RoboticsStudio1/install/41068_ignition_bringup/share/41068_ignition_bringup/models/grass_plane\n'}
[6.156965] (41068_ignition_bringup) StdoutLine: {'line': b'-- Installing: /home/student/RoboticsStudio1/install/41068_ignition_bringup/share/41068_ignition_bringup/models/grass_plane/model.config\n'}
[6.157080] (41068_ignition_bringup) StdoutLine: {'line': b'-- Installing: /home/student/RoboticsStudio1/install/41068_ignition_bringup/share/41068_ignition_bringup/models/grass_plane/model.sdf\n'}
[6.157135] (41068_ignition_bringup) StdoutLine: {'line': b'-- Installing: /home/student/RoboticsStudio1/install/41068_ignition_bringup/share/41068_ignition_bringup/models/grass_plane/materials\n'}
[6.157204] (41068_ignition_bringup) StdoutLine: {'line': b'-- Installing: /home/student/RoboticsStudio1/install/41068_ignition_bringup/share/41068_ignition_bringup/models/grass_plane/materials/textures\n'}
[6.157264] (41068_ignition_bringup) StdoutLine: {'line': b'-- Installing: /home/student/RoboticsStudio1/install/41068_ignition_bringup/share/41068_ignition_bringup/models/grass_plane/materials/textures/empty_grass.png\n'}
[6.161599] (41068_ignition_bringup) StdoutLine: {'line': b'-- Installing: /home/student/RoboticsStudio1/install/41068_ignition_bringup/share/41068_ignition_bringup/models/forest_plane\n'}
[6.161835] (41068_ignition_bringup) StdoutLine: {'line': b'-- Installing: /home/student/RoboticsStudio1/install/41068_ignition_bringup/share/41068_ignition_bringup/models/forest_plane/model.config\n'}
[6.161973] (41068_ignition_bringup) StdoutLine: {'line': b'-- Installing: /home/student/RoboticsStudio1/install/41068_ignition_bringup/share/41068_ignition_bringup/models/forest_plane/model.sdf\n'}
[6.162041] (41068_ignition_bringup) StdoutLine: {'line': b'-- Installing: /home/student/RoboticsStudio1/install/41068_ignition_bringup/share/41068_ignition_bringup/models/forest_plane/materials\n'}
[6.162105] (41068_ignition_bringup) StdoutLine: {'line': b'-- Installing: /home/student/RoboticsStudio1/install/41068_ignition_bringup/share/41068_ignition_bringup/models/forest_plane/materials/textures\n'}
[6.162164] (41068_ignition_bringup) StdoutLine: {'line': b'-- Installing: /home/student/RoboticsStudio1/install/41068_ignition_bringup/share/41068_ignition_bringup/models/forest_plane/materials/textures/forest_overhead.png\n'}
[6.165490] (41068_ignition_bringup) StdoutLine: {'line': b'-- Installing: /home/student/RoboticsStudio1/install/41068_ignition_bringup/share/41068_ignition_bringup/models/forest_plane/materials/textures/empty_grass.png\n'}
[6.169602] (41068_ignition_bringup) StdoutLine: {'line': b'-- Installing: /home/student/RoboticsStudio1/install/41068_ignition_bringup/share/41068_ignition_bringup/models/forest_plane/materials/textures/leaf_litter.png\n'}
[6.172982] (41068_ignition_bringup) StdoutLine: {'line': b'-- Installing: /home/student/RoboticsStudio1/install/41068_ignition_bringup/share/41068_ignition_bringup/models/forest_wall\n'}
[6.173175] (41068_ignition_bringup) StdoutLine: {'line': b'-- Installing: /home/student/RoboticsStudio1/install/41068_ignition_bringup/share/41068_ignition_bringup/models/forest_wall/model.config\n'}
[6.173304] (41068_ignition_bringup) StdoutLine: {'line': b'-- Installing: /home/student/RoboticsStudio1/install/41068_ignition_bringup/share/41068_ignition_bringup/models/forest_wall/model.sdf\n'}
[6.173454] (41068_ignition_bringup) StdoutLine: {'line': b'-- Installing: /home/student/RoboticsStudio1/install/41068_ignition_bringup/share/41068_ignition_bringup/models/forest_wall/materials\n'}
[6.173533] (41068_ignition_bringup) StdoutLine: {'line': b'-- Installing: /home/student/RoboticsStudio1/install/41068_ignition_bringup/share/41068_ignition_bringup/models/forest_wall/materials/textures\n'}
[6.173590] (41068_ignition_bringup) StdoutLine: {'line': b'-- Installing: /home/student/RoboticsStudio1/install/41068_ignition_bringup/share/41068_ignition_bringup/models/forest_wall/materials/textures/forest_wall_transparent.png\n'}
[6.176475] (41068_ignition_bringup) StdoutLine: {'line': b'-- Installing: /home/student/RoboticsStudio1/install/41068_ignition_bringup/share/41068_ignition_bringup/models/forest_wall/materials/textures/forest_wall_transparent_small.png\n'}
[6.176661] (41068_ignition_bringup) StdoutLine: {'line': b'-- Installing: /home/student/RoboticsStudio1/install/41068_ignition_bringup/share/41068_ignition_bringup/models/forest_wall/materials/textures/forest_wall.png\n'}
[6.179655] (41068_ignition_bringup) StdoutLine: {'line': b'-- Installing: /home/student/RoboticsStudio1/install/41068_ignition_bringup/share/41068_ignition_bringup/urdf\n'}
[6.179787] (41068_ignition_bringup) StdoutLine: {'line': b'-- Installing: /home/student/RoboticsStudio1/install/41068_ignition_bringup/share/41068_ignition_bringup/urdf/common_properties.urdf.xacro\n'}
[6.179919] (41068_ignition_bringup) StdoutLine: {'line': b'-- Installing: /home/student/RoboticsStudio1/install/41068_ignition_bringup/share/41068_ignition_bringup/urdf/meshes\n'}
[6.180040] (41068_ignition_bringup) StdoutLine: {'line': b'-- Installing: /home/student/RoboticsStudio1/install/41068_ignition_bringup/share/41068_ignition_bringup/urdf/meshes/top_plate.dae\n'}
[6.180106] (41068_ignition_bringup) StdoutLine: {'line': b'-- Installing: /home/student/RoboticsStudio1/install/41068_ignition_bringup/share/41068_ignition_bringup/urdf/meshes/bumper.dae\n'}
[6.180350] (41068_ignition_bringup) StdoutLine: {'line': b'-- Installing: /home/student/RoboticsStudio1/install/41068_ignition_bringup/share/41068_ignition_bringup/urdf/meshes/base_link.dae\n'}
[6.181158] (41068_ignition_bringup) StdoutLine: {'line': b'-- Installing: /home/student/RoboticsStudio1/install/41068_ignition_bringup/share/41068_ignition_bringup/urdf/meshes/jpl04_arch_nosensor.stl\n'}
[6.181535] (41068_ignition_bringup) StdoutLine: {'line': b'-- Installing: /home/student/RoboticsStudio1/install/41068_ignition_bringup/share/41068_ignition_bringup/urdf/meshes/top_chassis.dae\n'}
[6.183597] (41068_ignition_bringup) StdoutLine: {'line': b'-- Installing: /home/student/RoboticsStudio1/install/41068_ignition_bringup/share/41068_ignition_bringup/urdf/meshes/wheel.dae\n'}
[6.186390] (41068_ignition_bringup) StdoutLine: {'line': b'-- Installing: /home/student/RoboticsStudio1/install/41068_ignition_bringup/share/41068_ignition_bringup/urdf/wheel.urdf.xacro\n'}
[6.186593] (41068_ignition_bringup) StdoutLine: {'line': b'-- Installing: /home/student/RoboticsStudio1/install/41068_ignition_bringup/share/41068_ignition_bringup/urdf/husky.urdf.xacro\n'}
[6.186706] (41068_ignition_bringup) StdoutLine: {'line': b'-- Installing: /home/student/RoboticsStudio1/install/41068_ignition_bringup/share/41068_ignition_bringup/urdf/husky.gazebo.xacro\n'}
[6.186862] (41068_ignition_bringup) StdoutLine: {'line': b'-- Installing: /home/student/RoboticsStudio1/install/41068_ignition_bringup/share/41068_ignition_bringup/worlds\n'}
[6.186962] (41068_ignition_bringup) StdoutLine: {'line': b'-- Installing: /home/student/RoboticsStudio1/install/41068_ignition_bringup/share/41068_ignition_bringup/worlds/simple_trees.sdf\n'}
[6.187123] (41068_ignition_bringup) StdoutLine: {'line': b'-- Installing: /home/student/RoboticsStudio1/install/41068_ignition_bringup/share/41068_ignition_bringup/worlds/large_demo.sdf\n'}
[6.187253] (41068_ignition_bringup) StdoutLine: {'line': b'-- Installing: /home/student/RoboticsStudio1/install/41068_ignition_bringup/share/41068_ignition_bringup/urdf_drone\n'}
[6.187361] (41068_ignition_bringup) StdoutLine: {'line': b'-- Installing: /home/student/RoboticsStudio1/install/41068_ignition_bringup/share/41068_ignition_bringup/urdf_drone/model.config\n'}
[6.187459] (41068_ignition_bringup) StdoutLine: {'line': b'-- Installing: /home/student/RoboticsStudio1/install/41068_ignition_bringup/share/41068_ignition_bringup/urdf_drone/model.sdf\n'}
[6.187551] (41068_ignition_bringup) StdoutLine: {'line': b'-- Installing: /home/student/RoboticsStudio1/install/41068_ignition_bringup/share/41068_ignition_bringup/urdf_drone/common_properties.urdf.xacro\n'}
[6.187650] (41068_ignition_bringup) StdoutLine: {'line': b'-- Installing: /home/student/RoboticsStudio1/install/41068_ignition_bringup/share/41068_ignition_bringup/urdf_drone/thumbnails\n'}
[6.187706] (41068_ignition_bringup) StdoutLine: {'line': b'-- Installing: /home/student/RoboticsStudio1/install/41068_ignition_bringup/share/41068_ignition_bringup/urdf_drone/thumbnails/4.png\n'}
[6.187773] (41068_ignition_bringup) StdoutLine: {'line': b'-- Installing: /home/student/RoboticsStudio1/install/41068_ignition_bringup/share/41068_ignition_bringup/urdf_drone/thumbnails/2.png\n'}
[6.187885] (41068_ignition_bringup) StdoutLine: {'line': b'-- Installing: /home/student/RoboticsStudio1/install/41068_ignition_bringup/share/41068_ignition_bringup/urdf_drone/thumbnails/5.png\n'}
[6.187964] (41068_ignition_bringup) StdoutLine: {'line': b'-- Installing: /home/student/RoboticsStudio1/install/41068_ignition_bringup/share/41068_ignition_bringup/urdf_drone/thumbnails/1.png\n'}
[6.188064] (41068_ignition_bringup) StdoutLine: {'line': b'-- Installing: /home/student/RoboticsStudio1/install/41068_ignition_bringup/share/41068_ignition_bringup/urdf_drone/thumbnails/3.png\n'}
[6.188177] (41068_ignition_bringup) StdoutLine: {'line': b'-- Installing: /home/student/RoboticsStudio1/install/41068_ignition_bringup/share/41068_ignition_bringup/urdf_drone/meshes\n'}
[6.188294] (41068_ignition_bringup) StdoutLine: {'line': b'-- Installing: /home/student/RoboticsStudio1/install/41068_ignition_bringup/share/41068_ignition_bringup/urdf_drone/meshes/propeller_fr.dae\n'}
[6.188578] (41068_ignition_bringup) StdoutLine: {'line': b'-- Installing: /home/student/RoboticsStudio1/install/41068_ignition_bringup/share/41068_ignition_bringup/urdf_drone/meshes/propeller_fl.dae\n'}
[6.189000] (41068_ignition_bringup) StdoutLine: {'line': b'-- Installing: /home/student/RoboticsStudio1/install/41068_ignition_bringup/share/41068_ignition_bringup/urdf_drone/meshes/propeller_rl.dae\n'}
[6.189391] (41068_ignition_bringup) StdoutLine: {'line': b'-- Installing: /home/student/RoboticsStudio1/install/41068_ignition_bringup/share/41068_ignition_bringup/urdf_drone/meshes/hull.dae\n'}
[6.193026] (41068_ignition_bringup) StdoutLine: {'line': b'-- Installing: /home/student/RoboticsStudio1/install/41068_ignition_bringup/share/41068_ignition_bringup/urdf_drone/meshes/propeller_rr.dae\n'}
[6.193373] (41068_ignition_bringup) StdoutLine: {'line': b'-- Installing: /home/student/RoboticsStudio1/install/41068_ignition_bringup/share/41068_ignition_bringup/urdf_drone/parrot.gazebo.xacro\n'}
[6.193486] (41068_ignition_bringup) StdoutLine: {'line': b'-- Installing: /home/student/RoboticsStudio1/install/41068_ignition_bringup/share/41068_ignition_bringup/urdf_drone/parrot.urdf.xacro\n'}
[6.193745] (41068_ignition_bringup) StdoutLine: {'line': b'-- Installing: /home/student/RoboticsStudio1/install/41068_ignition_bringup/share/ament_index/resource_index/package_run_dependencies/41068_ignition_bringup\n'}
[6.193987] (41068_ignition_bringup) StdoutLine: {'line': b'-- Installing: /home/student/RoboticsStudio1/install/41068_ignition_bringup/share/ament_index/resource_index/parent_prefix_path/41068_ignition_bringup\n'}
[6.194163] (41068_ignition_bringup) StdoutLine: {'line': b'-- Installing: /home/student/RoboticsStudio1/install/41068_ignition_bringup/share/41068_ignition_bringup/environment/ament_prefix_path.sh\n'}
[6.194324] (41068_ignition_bringup) StdoutLine: {'line': b'-- Installing: /home/student/RoboticsStudio1/install/41068_ignition_bringup/share/41068_ignition_bringup/environment/ament_prefix_path.dsv\n'}
[6.194487] (41068_ignition_bringup) StdoutLine: {'line': b'-- Installing: /home/student/RoboticsStudio1/install/41068_ignition_bringup/share/41068_ignition_bringup/environment/path.sh\n'}
[6.194645] (41068_ignition_bringup) StdoutLine: {'line': b'-- Installing: /home/student/RoboticsStudio1/install/41068_ignition_bringup/share/41068_ignition_bringup/environment/path.dsv\n'}
[6.194780] (41068_ignition_bringup) StdoutLine: {'line': b'-- Installing: /home/student/RoboticsStudio1/install/41068_ignition_bringup/share/41068_ignition_bringup/local_setup.bash\n'}
[6.194934] (41068_ignition_bringup) StdoutLine: {'line': b'-- Installing: /home/student/RoboticsStudio1/install/41068_ignition_bringup/share/41068_ignition_bringup/local_setup.sh\n'}
[6.195110] (41068_ignition_bringup) StdoutLine: {'line': b'-- Installing: /home/student/RoboticsStudio1/install/41068_ignition_bringup/share/41068_ignition_bringup/local_setup.zsh\n'}
[6.195264] (41068_ignition_bringup) StdoutLine: {'line': b'-- Installing: /home/student/RoboticsStudio1/install/41068_ignition_bringup/share/41068_ignition_bringup/local_setup.dsv\n'}
[6.195403] (41068_ignition_bringup) StdoutLine: {'line': b'-- Installing: /home/student/RoboticsStudio1/install/41068_ignition_bringup/share/41068_ignition_bringup/package.dsv\n'}
[6.195603] (41068_ignition_bringup) StdoutLine: {'line': b'-- Installing: /home/student/RoboticsStudio1/install/41068_ignition_bringup/share/ament_index/resource_index/packages/41068_ignition_bringup\n'}
[6.195779] (41068_ignition_bringup) StdoutLine: {'line': b'-- Installing: /home/student/RoboticsStudio1/install/41068_ignition_bringup/share/41068_ignition_bringup/cmake/41068_ignition_bringupConfig.cmake\n'}
[6.195885] (41068_ignition_bringup) StdoutLine: {'line': b'-- Installing: /home/student/RoboticsStudio1/install/41068_ignition_bringup/share/41068_ignition_bringup/cmake/41068_ignition_bringupConfig-version.cmake\n'}
[6.196063] (41068_ignition_bringup) StdoutLine: {'line': b'-- Installing: /home/student/RoboticsStudio1/install/41068_ignition_bringup/share/41068_ignition_bringup/package.xml\n'}
[6.198244] (41068_ignition_bringup) CommandEnded: {'returncode': 0}
[6.217841] (-) TimerEvent: {}
[6.297607] (41068_ignition_bringup) JobEnded: {'identifier': '41068_ignition_bringup', 'rc': 0}
[6.298525] (-) EventReactorShutdown: {}
